ROUTE_ID,MEASURE,DISTANCE,ELEV,LATITUDE,LONGITUDE
3,2401.500129,-0.043134,1389.246582,38.587594,-109.532559
3,2404.288613,-0.288808,1389.230957,38.587612,-109.532582
3,2406.556102,-0.344385,1388.966919,38.587628,-109.532597
3,2409.321162,-0.390264,1389.016968,38.587647,-109.532616
3,2411.605393,-0.511925,1388.780884,38.587665,-109.53263
3,2414.408702,-0.566692,1388.213745,38.587687,-109.532644
3,2416.647082,-0.564601,1388.008057,38.587705,-109.532655
3,2419.391323,-0.504117,1387.772339,38.587727,-109.53267
3,2419.391323,-0.504117,1387.772339,38.587727,-109.53267
3,2421.592015,-0.437973,1387.543823,38.587744,-109.532684
3,2421.592015,-0.437973,1387.543823,38.587744,-109.532684
3,2424.343513,-0.421386,1387.252319,38.587765,-109.532702
3,2424.343513,-0.421386,1387.252319,38.587765,-109.532702
3,2426.579071,-0.426462,1387.020752,38.587781,-109.532716
3,2426.579071,-0.426462,1387.020752,38.587781,-109.532716
3,2429.343105,-0.420181,1386.768311,38.587802,-109.532734
3,2429.343105,-0.420181,1386.768311,38.587802,-109.532734
3,2431.581155,-0.403698,1386.52832,38.587818,-109.532749
3,2431.581155,-0.403698,1386.52832,38.587818,-109.532749
3,2434.325616,-0.391261,1386.292358,38.587839,-109.532767
3,2434.325616,-0.391261,1386.292358,38.587839,-109.532767
3,2436.564783,-0.377221,1385.831787,38.587855,-109.532782
3,2436.564783,-0.377221,1385.831787,38.587855,-109.532782
3,2439.318955,-0.330631,1385.666382,38.587875,-109.532802
3,2439.318955,-0.330631,1385.666382,38.587875,-109.532802
3,2441.543751,-0.310061,1385.543701,38.58789,-109.532818
3,2441.543751,-0.310061,1385.543701,38.58789,-109.532818
3,2444.310348,-0.350981,1385.523926,38.58791,-109.532838
3,2444.310348,-0.350981,1385.523926,38.58791,-109.532838
3,2446.58351,-0.444574,1385.279541,38.587926,-109.532852
3,2446.58351,-0.444574,1385.279541,38.587926,-109.532852
3,2449.36879,-0.510804,1384.986572,38.587948,-109.532868
3,2449.36879,-0.510804,1384.986572,38.587948,-109.532868
3,2451.700241,-0.680456,1384.745117,38.587966,-109.532878
3,2451.700241,-0.680456,1384.745117,38.587966,-109.532878
3,2454.527569,-0.790762,1384.201538,38.58799,-109.532887
3,2454.527569,-0.790762,1384.201538,38.58799,-109.532887
3,2456.949149,-0.928876,1383.643555,38.58801,-109.532889
3,2456.949149,-0.928876,1383.643555,38.58801,-109.532889
3,2459.780374,-0.969146,1382.599609,38.588035,-109.532889
3,2459.780374,-0.969146,1382.599609,38.588035,-109.532889
3,2462.063273,-1.023409,1381.934326,38.588055,-109.532888
3,2462.063273,-1.023409,1381.934326,38.588055,-109.532888
3,2464.918335,-1.045346,1380.848633,38.58808,-109.532883
3,2464.918335,-1.045346,1380.848633,38.58808,-109.532883
3,2467.159125,-1.041633,1379.887207,38.5881,-109.532879
3,2467.159125,-1.041633,1379.887207,38.5881,-109.532879
3,2469.844444,-1.012665,1378.717285,38.588124,-109.532875
3,2472.067558,-1.002462,1378.43811,38.588145,-109.532873
3,2474.80609,-0.983821,1377.903564,38.588169,-109.532871
3,2476.996652,-0.935244,1377.516968,38.58819,-109.532871
3,2479.618727,-0.843167,1376.962891,38.588214,-109.532875
3,2481.845871,-0.828632,1376.945435,38.588234,-109.53288
3,2484.566516,-0.756049,1377.657959,38.588258,-109.532886
3,2486.689364,-0.60014,1378.27002,38.588277,-109.532896
3,2489.38277,-0.515245,1378.516602,38.588299,-109.53291
3,2491.570402,-0.360572,1378.691284,38.588316,-109.532925
3,2494.289332,-0.3012,1378.725098,38.588335,-109.532946
3,2496.574529,-0.428509,1378.562012,38.588351,-109.532961
3,2499.347401,-0.455178,1378.959473,38.588372,-109.532978
3,2501.587813,-0.45524,1379.121704,38.588389,-109.532991
3,2504.377752,-0.55234,1379.123291,38.588411,-109.533007
3,2506.714857,-0.710471,1379.115967,38.58843,-109.533016
3,2509.567906,-0.805825,1379.248779,38.588454,-109.533023
3,2511.845364,-0.85626,1379.440308,38.588474,-109.533027
3,2514.789423,-0.997934,1379.698975,38.588498,-109.533028
3,2517.412062,-1.15122,1379.741943,38.588518,-109.533021
3,2517.412062,-1.15122,1379.741943,38.588518,-109.533021
3,2520.588857,-1.149027,1381.21228,38.588538,-109.533003
3,2520.588857,-1.149027,1381.21228,38.588538,-109.533003
3,2523.059682,-1.099453,1381.723511,38.588551,-109.532984
3,2523.059682,-1.099453,1381.723511,38.588551,-109.532984
3,2548.6038,-0.672736,1382.984619,38.588553,-109.53271
3,2546.399006,-0.603024,1382.879883,38.588554,-109.532736
3,2551.181388,-0.849138,1382.755371,38.588555,-109.532678
3,2551.181388,-0.849138,1382.755371,38.588555,-109.532678
3,2543.689385,-0.507436,1382.860352,38.588557,-109.532767
3,2541.512841,-0.368921,1383.175415,38.588562,-109.532792
3,2525.955577,-1.037649,1382.93457,38.588565,-109.532958
3,2553.214471,-1.00919,1382.915283,38.588561,-109.532654
3,2553.214471,-1.00919,1382.915283,38.588561,-109.532654
3,2538.779826,-0.317995,1383.327271,38.58857,-109.532822
3,2528.386899,-0.913066,1383.60022,38.588573,-109.532934
3,2536.530099,-0.359483,1383.627686,38.588576,-109.532847
3,2555.719654,-1.120209,1382.863892,38.588574,-109.532627
3,2555.719654,-1.120209,1382.863892,38.588574,-109.532627
3,2531.352316,-0.731017,1383.590942,38.588579,-109.532904
3,2533.671013,-0.593866,1383.673096,38.588579,-109.532878
3,2557.616427,-1.157192,1383.362793,38.588588,-109.532609
3,2557.616427,-1.157192,1383.362793,38.588588,-109.532609
3,2560.114961,-1.123854,1383.76416,38.588611,-109.532596
3,2560.114961,-1.123854,1383.76416,38.588611,-109.532596
3,2562.193132,-1.057377,1383.939453,38.58863,-109.53259
3,2562.193132,-1.057377,1383.939453,38.58863,-109.53259
3,2562.193132,-1.057377,1383.939453,38.58863,-109.53259
3,2564.661787,-0.826133,1384.404785,38.588655,-109.532591
3,2564.661787,-0.826133,1384.404785,38.588655,-109.532591
3,2564.661787,-0.826133,1384.404785,38.588655,-109.532591
3,2566.684311,-0.588629,1385.081787,38.588674,-109.5326
3,2566.684311,-0.588629,1385.081787,38.588674,-109.5326
3,2566.684311,-0.588629,1385.081787,38.588674,-109.5326
3,2569.393681,-0.555907,1386.680664,38.588696,-109.532614
3,2569.393681,-0.555907,1386.680664,38.588696,-109.532614
3,2569.393681,-0.555907,1386.680664,38.588696,-109.532614
3,2571.734036,-0.844339,1387.593994,38.588715,-109.532622
3,2571.734036,-0.844339,1387.593994,38.588715,-109.532622
3,2571.734036,-0.844339,1387.593994,38.588715,-109.532622
3,2575.64277,-1.143073,1388.161133,38.588736,-109.532607
3,2575.64277,-1.143073,1388.161133,38.588736,-109.532607
3,2575.64277,-1.143073,1388.161133,38.588736,-109.532607
4,4222.166459,0.590491,1422.214355,38.5889,-109.542097
4,4217.324462,0.774474,1421.492188,38.588899,-109.54204
4,4227.158833,0.579433,1422.915527,38.588903,-109.542154
4,4232.19078,0.64201,1423.221313,38.588906,-109.542212
4,4237.180299,0.609673,1423.629395,38.588907,-109.542269
4,4242.202458,0.675515,1424.623657,38.588908,-109.542327
4,4247.118776,0.475909,1425.112549,38.588911,-109.542384
4,4212.345219,0.806868,1420.636719,38.588906,-109.541983
3,2577.885707,-1.138631,1389.053711,38.58875,-109.532589
3,2577.885707,-1.138631,1389.053711,38.58875,-109.532589
3,2577.885707,-1.138631,1389.053711,38.58875,-109.532589
4,4207.530905,0.954526,1419.37915,38.588916,-109.541927
4,4207.530905,0.954526,1419.37915,38.588916,-109.541927
4,4252.009425,0.066806,1425.541626,38.58893,-109.542435
3,2580.575222,-1.151449,1389.880493,38.588768,-109.532567
4,4202.706616,1.067482,1418.121582,38.588936,-109.541876
4,4202.706616,1.067482,1418.121582,38.588936,-109.541876
3,2582.760717,-1.160605,1390.182739,38.588783,-109.53255
4,4257.017792,-0.213015,1425.583496,38.588958,-109.542479
3,2585.30363,-1.152112,1390.15918,38.588804,-109.532532
3,2585.312669,-1.157083,1390.15918,38.588804,-109.532532
4,4198.1437,1.163007,1416.899902,38.588966,-109.541834
4,4262.032237,-0.273331,1425.895264,38.588991,-109.542519
4,4193.424481,1.134728,1416.37085,38.589006,-109.541807
3,2589.816595,-0.996496,1389.68042,38.588848,-109.532521
3,2589.823184,-0.996067,1389.68042,38.588848,-109.532521
4,4267.074443,-0.383717,1425.704834,38.589028,-109.542552
4,4272.017134,-0.167292,1425.516602,38.589061,-109.542591
4,4188.582276,1.089156,1415.925293,38.589049,-109.541791
3,2594.636456,-0.83821,1388.39917,38.588893,-109.532522
3,2594.636456,-0.83821,1388.39917,38.588893,-109.532522
3,2594.643086,-0.839174,1388.39917,38.588893,-109.532522
3,2594.643086,-0.839174,1388.39917,38.588893,-109.532522
4,4277.003951,-0.104575,1425.377686,38.58909,-109.542635
4,4183.476791,1.122069,1415.577637,38.589092,-109.541774
4,4157.167283,0.555982,1415.858887,38.58909,-109.54154
3,2599.524115,-0.716475,1387.78418,38.588936,-109.532536
3,2599.524115,-0.716475,1387.78418,38.588936,-109.532536
3,2599.529494,-0.718031,1387.78418,38.588936,-109.532536
3,2599.529494,-0.718031,1387.78418,38.588936,-109.532536
4,4152.5337,0.948985,1416.034912,38.589093,-109.541483
4,4282.006873,-0.140671,1424.866943,38.589119,-109.542678
4,4162.026857,0.178766,1415.770508,38.589104,-109.541595
4,4167.009488,0.047146,1415.829346,38.589126,-109.541644
4,4148.61826,1.06804,1415.634277,38.589125,-109.541448
4,4178.045582,1.156038,1416.005981,38.589132,-109.541748
4,4287.008471,-0.166113,1424.587769,38.589149,-109.542721
3,2604.444763,-0.585163,1387.668945,38.588978,-109.532557
3,2604.444763,-0.585163,1387.668945,38.588978,-109.532557
3,2604.4556,-0.587686,1387.668945,38.588978,-109.532557
3,2604.4556,-0.587686,1387.668945,38.588978,-109.532557
4,4172.076732,0.436944,1416.224121,38.589145,-109.541696
4,4292.015506,-0.198942,1424.045532,38.58918,-109.542762
3,2609.288458,-0.254432,1387.046631,38.589014,-109.532592
3,2609.297556,-0.250929,1387.046631,38.589014,-109.532592
4,4144.101736,0.601012,1416.371948,38.589169,-109.541457
4,4297.017982,-0.208381,1423.276001,38.589212,-109.542803
3,2614.266507,-0.105193,1386.194824,38.589044,-109.532634
3,2614.269341,-0.10856,1386.194824,38.589044,-109.532634
4,4139.321848,0.125649,1417.22168,38.589202,-109.541495
4,4302.015861,-0.197296,1423.001953,38.589244,-109.542843
3,2619.264286,-0.148331,1386.070313,38.589073,-109.532678
3,2619.274524,-0.146762,1386.11499,38.589073,-109.532678
4,4134.32988,-0.03663,1417.945557,38.589227,-109.541543
4,4307.005353,-0.132471,1422.299316,38.589275,-109.542885
4,4129.331524,0.040743,1418.398315,38.589253,-109.54159
3,2624.294726,-0.313975,1385.684082,38.589107,-109.532716
3,2624.304546,-0.310964,1385.684082,38.589107,-109.532716
4,4311.997519,-0.088865,1421.838623,38.589303,-109.54293
4,4124.330083,0.120028,1419.04895,38.589281,-109.541634
3,2629.362335,-0.496691,1386.205078,38.589144,-109.532748
3,2629.37163,-0.492006,1386.205078,38.589144,-109.532748
4,4316.994384,-0.064508,1421.241211,38.589331,-109.542975
4,4119.293584,0.327391,1419.562988,38.589314,-109.541674
4,4321.99478,-0.002098,1420.965332,38.589358,-109.543021
3,2634.4134,-0.579516,1386.627441,38.589184,-109.532775
3,2634.419474,-0.58235,1386.627441,38.589184,-109.532775
4,4114.274222,0.378355,1420.406006,38.58935,-109.541709
4,4326.995343,0.042932,1421.398682,38.589383,-109.543069
3,2639.424812,-0.618171,1387.364014,38.589225,-109.532798
3,2639.434447,-0.61299,1387.364014,38.589225,-109.532798
4,4332.002561,0.106722,1421.952271,38.589405,-109.543119
4,4109.279232,0.342797,1420.488525,38.589386,-109.541743
4,4337.006034,0.151615,1422.313232,38.589426,-109.543169
4,4104.294154,0.302431,1421.190674,38.58942,-109.54178
3,2644.479678,-0.689086,1388.277588,38.589267,-109.532818
3,2644.486955,-0.691606,1388.277588,38.589267,-109.532818
4,4342.002435,0.143002,1422.464355,38.589447,-109.54322
4,4346.994069,0.124381,1422.411133,38.589469,-109.543271
4,4099.300341,0.302533,1421.92627,38.589454,-109.541817
4,4352.014872,0.248459,1422.506226,38.589487,-109.543323
3,2649.620564,-0.843721,1388.88562,38.589311,-109.532831
3,2649.627097,-0.844672,1388.88562,38.589311,-109.532831
4,4357.023705,0.273949,1422.796021,38.589503,-109.543376
4,4094.292361,0.320263,1422.061768,38.589489,-109.541854
4,4361.993989,0.105843,1423.117554,38.589523,-109.543428
3,2654.770288,-0.966577,1389.084961,38.589356,-109.532833
3,2654.776988,-0.966538,1389.084961,38.589356,-109.532833
4,4367.004678,0.1615,1423.353516,38.589544,-109.543479
4,4089.272144,0.418036,1421.666992,38.589525,-109.541889
4,4371.9915,0.097917,1424.069092,38.589566,-109.543529
4,4377.013954,0.267213,1424.968994,38.589585,-109.543581
3,2659.809976,-0.986878,1389.49231,38.589401,-109.53283
3,2659.817768,-0.986525,1389.49231,38.589401,-109.53283
4,4084.125049,0.708456,1421.566162,38.589566,-109.541911
4,4382.005502,0.182514,1426.317139,38.589602,-109.543634
4,4387.008995,0.19991,1426.844238,38.589622,-109.543685
3,2664.395821,-0.498107,1388.827637,38.589444,-109.532845
3,2664.405731,-0.49329,1388.827637,38.589444,-109.532845
4,4392.009948,0.205963,1427.583862,38.58964,-109.543738
4,4079.043763,0.779073,1421.871338,38.58961,-109.541925
4,4397.004559,0.178655,1428.989258,38.58966,-109.543789
3,2669.268231,-0.123355,1387.340576,38.589475,-109.532886
3,2669.268231,-0.123355,1387.340576,38.589475,-109.532886
3,2669.271957,-0.127536,1387.340576,38.589475,-109.532886
3,2669.271957,-0.127536,1387.340576,38.589475,-109.532886
4,4402.000441,0.172014,1429.608276,38.58968,-109.543841
4,4074.039075,0.778193,1421.573364,38.589654,-109.541939
3,2674.2606,0.136189,1385.111084,38.589501,-109.532933
3,2674.2606,0.136189,1385.111084,38.589501,-109.532933
3,2674.266989,0.137726,1385.111084,38.589501,-109.532933
3,2674.266989,0.137726,1385.111084,38.589501,-109.532933
4,4432.162801,0.618671,1433.591064,38.589697,-109.544172
4,4427.3557,0.831412,1432.178711,38.589698,-109.544115
4,4427.3557,0.831412,1432.178711,38.589698,-109.544115
4,4437.080558,0.451679,1435.441772,38.589702,-109.544229
4,4407.003299,0.198884,1430.269775,38.589699,-109.543893
4,4422.39942,0.888054,1430.934692,38.589709,-109.544059
3,2679.255495,0.016457,1384.378418,38.589523,-109.532983
3,2679.255495,0.016457,1384.378418,38.589523,-109.532983
3,2679.266486,0.015666,1384.378418,38.589523,-109.532983
3,2679.266486,0.015666,1384.378418,38.589523,-109.532983
4,4442.014498,0.264551,1437.530762,38.589718,-109.544283
4,4412.053536,0.401111,1430.767334,38.589713,-109.543947
4,4417.170806,0.694001,1430.471558,38.589719,-109.544004
4,4447.060188,0.421217,1439.047852,38.58973,-109.544338
4,4069.019237,0.798832,1421.813354,38.589698,-109.541951
4,4452.0182,0.273379,1440.807495,38.589743,-109.544393
3,2684.289379,-0.357798,1383.76709,38.589553,-109.533025
3,2684.289379,-0.357798,1383.76709,38.589553,-109.533025
3,2684.300982,-0.356273,1383.76709,38.589553,-109.533025
3,2684.300982,-0.356273,1383.76709,38.589553,-109.533025
4,4457.028367,0.324144,1441.927246,38.589758,-109.544447
4,4461.983981,0.064055,1442.312744,38.589777,-109.544499
4,4064.020859,0.803505,1422.209473,38.589742,-109.541962
3,2689.387488,-0.576377,1384.383057,38.589593,-109.533052
3,2689.398431,-0.572231,1384.383057,38.589593,-109.533052
4,4466.994154,-0.174407,1442.609009,38.589806,-109.544542
4,4059.024196,0.789034,1423.111328,38.589786,-109.541974
4,4471.976025,0.076731,1443.723877,38.589834,-109.544588
3,2694.55907,-0.805006,1385.879272,38.589636,-109.533068
3,2694.55907,-0.805006,1385.879272,38.589636,-109.533068
3,2694.567652,-0.806961,1385.879272,38.589636,-109.533068
3,2694.567652,-0.806961,1385.879272,38.589636,-109.533068
4,4477.116882,0.508873,1445.281616,38.589843,-109.544643
4,4481.999864,0.219294,1446.877319,38.589859,-109.544697
4,4487.025936,0.328132,1447.881836,38.589874,-109.544751
4,4054.049342,0.755787,1423.747925,38.58983,-109.541988
3,2699.610219,-0.8591,1387.331787,38.58968,-109.533078
3,2699.610219,-0.8591,1387.331787,38.58968,-109.533078
3,2699.620007,-0.860609,1387.331787,38.589681,-109.533078
3,2699.620007,-0.860609,1387.331787,38.589681,-109.533078
4,4492.029328,0.334734,1448.786865,38.589888,-109.544805
4,4497.032244,0.361492,1450.495483,38.589902,-109.54486
4,4502.037742,0.371588,1451.703857,38.589914,-109.544915
4,4049.284043,0.331461,1424.441528,38.589869,-109.542015
3,2784.425991,0.567208,1386.229004,38.589729,-109.533675
3,2784.425991,0.567208,1386.229004,38.589729,-109.533675
3,2784.5385,0.559504,1386.229004,38.589729,-109.533676
3,2784.5385,0.559504,1386.229004,38.589729,-109.533676
4,4507.013134,0.23807,1452.423828,38.589928,-109.54497
3,2780.140142,1.083399,1386.250366,38.589734,-109.53362
3,2780.140142,1.083399,1386.250366,38.589734,-109.53362
3,2780.01886,1.093257,1386.240845,38.589734,-109.533619
3,2780.01886,1.093257,1386.240845,38.589734,-109.533619
3,2704.775812,-0.975592,1389.455078,38.589725,-109.533079
3,2704.775812,-0.975592,1389.455078,38.589725,-109.533079
3,2704.784515,-0.966697,1389.455078,38.589725,-109.533079
3,2704.784515,-0.966697,1389.455078,38.589725,-109.533079
3,2789.335968,0.406389,1386.633911,38.589739,-109.533731
3,2789.453123,0.405161,1386.633911,38.589739,-109.533732
3,2794.377706,0.516192,1387.354858,38.589748,-109.533787
3,2794.377706,0.516192,1387.354858,38.589748,-109.533787
3,2794.492314,0.516112,1387.354858,38.589748,-109.533788
3,2794.492314,0.516112,1387.354858,38.589748,-109.533788
3,2799.402109,0.567832,1388.062256,38.589753,-109.533844
3,2799.402109,0.567832,1388.062256,38.589753,-109.533844
3,2799.524501,0.569882,1388.062256,38.589753,-109.533845
3,2799.524501,0.569882,1388.062256,38.589753,-109.533845
3,2804.419326,0.597321,1388.785889,38.589756,-109.533901
3,2804.419326,0.597321,1388.785889,38.589756,-109.533901
3,2804.541617,0.597489,1388.908203,38.589756,-109.533903
3,2804.541617,0.597489,1388.908203,38.589756,-109.533903
4,4044.33998,-0.121706,1423.868164,38.589897,-109.542059
3,2809.42338,0.600146,1389.905518,38.589759,-109.533959
3,2809.42338,0.600146,1389.905518,38.589759,-109.533959
3,2809.545531,0.60098,1390.213135,38.589759,-109.53396
3,2809.545531,0.60098,1390.213135,38.589759,-109.53396
4,4511.980612,0.074436,1452.683594,38.589951,-109.54502
3,2814.410856,0.551029,1391.303467,38.589763,-109.534016
3,2814.410856,0.551029,1391.303467,38.589763,-109.534016
3,2814.522738,0.54484,1391.463013,38.589763,-109.534017
3,2814.522738,0.54484,1391.463013,38.589763,-109.534017
4,4024.111728,-0.676978,1425.281494,38.589913,-109.542284
4,4039.290862,-0.437691,1423.869873,38.589913,-109.542112
3,2775.6231,1.152909,1386.003296,38.589766,-109.533581
3,2775.6231,1.152909,1386.003296,38.589766,-109.533581
3,2775.546815,1.156344,1386.003296,38.589767,-109.533581
3,2775.546815,1.156344,1386.003296,38.589767,-109.533581
4,4029.079704,-0.736546,1424.992554,38.589916,-109.542227
4,4019.250869,-0.420198,1424.864746,38.589919,-109.542341
3,2819.26278,0.101233,1391.640869,38.589777,-109.53407
3,2819.386654,0.088361,1391.640869,38.589778,-109.534071
4,4034.191911,-0.587966,1424.602173,38.589918,-109.542169
4,4516.981297,0.076986,1452.98584,38.589974,-109.545069
3,2709.661494,-0.853799,1391.811157,38.58977,-109.533079
3,2709.670352,-0.854689,1391.811157,38.58977,-109.533079
4,4014.341928,0.014024,1424.492188,38.589941,-109.54239
4,4521.976509,0.076229,1453.056274,38.589997,-109.545118
3,2824.34669,-0.471124,1391.555054,38.589811,-109.534107
3,2824.46559,-0.475122,1391.555054,38.589812,-109.534108
3,2771.14042,0.981367,1387.548584,38.58981,-109.53357
3,2771.021799,0.974432,1387.548584,38.589811,-109.53357
4,4009.339782,0.051432,1423.634766,38.589968,-109.542436
3,2714.274277,-0.14985,1392.509033,38.589808,-109.533107
3,2714.285179,-0.148249,1392.509033,38.589808,-109.533107
4,4526.975589,0.032565,1453.448364,38.59002,-109.545167
3,2719.267792,0.200264,1392.791992,38.58983,-109.533157
3,2719.277119,0.201092,1392.791992,38.58983,-109.533157
3,2829.363132,-0.493649,1391.288818,38.58985,-109.534136
3,2829.483031,-0.493489,1391.288818,38.589851,-109.534137
4,4004.343384,0.099784,1422.603271,38.589996,-109.542481
4,4531.979082,-0.086553,1454.144409,38.590048,-109.545212
3,2724.291272,0.277974,1392.909912,38.589847,-109.53321
3,2724.300173,0.278902,1392.909912,38.589847,-109.533211
3,2766.150816,1.014675,1389.245728,38.589855,-109.53357
3,2765.975501,1.024812,1389.245728,38.589856,-109.53357
4,3999.338953,0.128218,1421.753906,38.590025,-109.542524
3,2729.256825,0.054454,1393.405273,38.589866,-109.533262
3,2729.266028,0.055986,1393.405273,38.589866,-109.533262
4,4536.977705,-0.075107,1454.871948,38.590076,-109.545257
3,2834.348388,-0.457758,1391.319824,38.589888,-109.534166
3,2834.471949,-0.453292,1391.319824,38.589889,-109.534166
3,2760.607359,1.162195,1391.485352,38.589897,-109.533553
3,2734.260319,-0.05028,1393.586182,38.589893,-109.533308
3,2734.262338,-0.052892,1393.586182,38.589893,-109.533308
3,2760.489374,1.162326,1391.485352,38.589898,-109.533552
4,3994.338211,0.125388,1421.777466,38.590055,-109.542568
4,4541.967876,0.022616,1455.504395,38.590103,-109.545303
3,2839.382092,-0.506736,1391.463501,38.589927,-109.534194
3,2839.500991,-0.501403,1391.463501,38.589928,-109.534195
4,4546.979588,0.133339,1456.560913,38.590125,-109.545353
3,2739.258585,0.018574,1393.619141,38.589919,-109.533355
3,2739.260382,0.015807,1393.619141,38.589919,-109.533355
4,3989.339964,0.109483,1422.283447,38.590084,-109.542612
3,2755.612375,1.089224,1392.734619,38.589928,-109.533519
3,2754.929752,1.06921,1393.009033,38.589931,-109.533514
3,2754.235207,1.046083,1393.011475,38.589934,-109.533507
4,4551.979485,0.171253,1457.391235,38.590145,-109.545404
3,2744.270048,0.217044,1393.831665,38.589941,-109.533405
3,2744.2789,0.218792,1393.831665,38.589941,-109.533405
3,2749.399478,0.650535,1393.299561,38.589949,-109.533461
3,2749.391005,0.64743,1393.299561,38.589949,-109.533461
3,2844.325501,-0.378904,1391.555542,38.589964,-109.534227
3,2844.444569,-0.378405,1391.555542,38.589965,-109.534227
4,3984.343437,0.051761,1422.645996,38.590112,-109.542657
4,4557.001232,0.263875,1458.286377,38.590162,-109.545458
4,4561.994668,0.248159,1459.394165,38.590179,-109.545511
4,3979.330978,0.249033,1422.498047,38.590142,-109.542699
3,2849.287393,-0.23898,1391.455688,38.589999,-109.534263
3,2849.409254,-0.231199,1391.273682,38.589999,-109.534265
4,4567.015404,0.322077,1460.129517,38.590194,-109.545565
4,4572.016903,0.330263,1460.569702,38.590208,-109.545619
4,4577.015211,0.327314,1461.048462,38.590222,-109.545674
3,2854.285439,-0.265185,1391.029907,38.590031,-109.534303
4,3974.29209,0.344707,1421.757813,38.590177,-109.542736
3,2854.404756,-0.267399,1391.029907,38.590032,-109.534304
4,4581.972196,0.101878,1461.240601,38.59024,-109.545726
3,2859.292045,-0.277557,1390.797852,38.590065,-109.534341
3,2859.411307,-0.27729,1390.797852,38.590066,-109.534342
4,3969.202971,0.592279,1421.630371,38.590215,-109.542766
4,4586.973275,-0.110071,1461.22229,38.590267,-109.545772
3,2864.273226,-0.227337,1391.133911,38.590097,-109.534381
4,4591.964762,0.036024,1461.149048,38.590294,-109.545818
3,2864.390699,-0.233831,1391.133911,38.590098,-109.534382
4,3964.143563,0.65417,1421.556641,38.590257,-109.542787
4,4596.974478,0.12673,1461.224854,38.590317,-109.545868
3,2869.290998,-0.308116,1391.262207,38.590131,-109.534419
3,2869.41196,-0.307876,1391.291992,38.590132,-109.53442
4,4601.964289,0.004558,1461.189331,38.59034,-109.545917
4,3959.138099,0.66356,1421.3927,38.590299,-109.542807
3,2874.300134,-0.327277,1391.037598,38.590166,-109.534455
3,2874.421911,-0.325252,1390.944824,38.590167,-109.534456
4,4606.967378,-0.026764,1461.390259,38.590366,-109.545964
4,4611.971616,-0.134255,1461.302246,38.590394,-109.546009
4,3954.121945,0.695612,1420.654419,38.590341,-109.542826
3,2879.305086,-0.341706,1389.815186,38.590201,-109.534491
3,2879.423203,-0.345931,1389.815186,38.590202,-109.534492
4,4616.980991,-0.217557,1460.948975,38.590425,-109.546049
3,2884.308395,-0.352789,1389.746948,38.590237,-109.534526
3,2884.426558,-0.355517,1389.746948,38.590238,-109.534527
4,3949.076134,0.779408,1420.161865,38.590384,-109.542843
4,4621.995565,-0.282831,1460.723267,38.590458,-109.546089
3,2889.277615,-0.296644,1390.152588,38.590271,-109.534564
3,2889.397691,-0.300802,1390.152588,38.590272,-109.534564
4,3943.71165,1.039325,1420.225098,38.590429,-109.542844
4,4627.021051,-0.367309,1460.385498,38.590494,-109.546124
3,2894.412977,-0.589703,1390.94043,38.59031,-109.534591
3,2894.53367,-0.58827,1390.94043,38.590311,-109.534592
4,3938.285787,1.157754,1420.365723,38.590472,-109.542827
4,4632.020418,-0.34689,1460.09314,38.590529,-109.546159
3,2899.540595,-0.778805,1391.830811,38.590353,-109.534609
3,2899.661099,-0.782233,1391.830811,38.590354,-109.534609
4,4636.970318,-0.127911,1459.768799,38.590561,-109.546199
4,3932.702676,1.072898,1421.046631,38.590505,-109.542788
4,3889.663356,0.629614,1423.174561,38.590507,-109.542307
4,3892.117479,0.43897,1422.746338,38.590512,-109.542337
4,3927.330878,0.790903,1421.180176,38.590519,-109.542735
4,3922.280256,0.725146,1421.40918,38.590524,-109.542678
4,3897.110224,0.435184,1422.074951,38.590522,-109.542392
4,3885.410673,1.142376,1422.659668,38.590521,-109.542254
4,3917.293647,0.745211,1421.497559,38.590527,-109.54262
4,4641.96243,-0.103826,1459.227417,38.59059,-109.546243
4,3912.27521,0.736328,1421.302734,38.590531,-109.542563
4,3902.149536,0.520849,1421.54541,38.59053,-109.542449
3,2904.663696,-0.89564,1392.799194,38.590397,-109.534618
4,3907.214814,0.65545,1421.405029,38.590534,-109.542506
3,2904.78471,-0.890023,1392.799194,38.590398,-109.534618
4,4646.966032,-0.080521,1458.557861,38.590619,-109.546288
4,3880.716095,1.152334,1421.885986,38.590557,-109.542221
4,4651.97724,0.207501,1458.275146,38.590641,-109.546337
3,2909.618427,-0.838638,1392.726074,38.590442,-109.534624
3,2909.738486,-0.83921,1392.726074,38.590443,-109.534624
4,4656.978537,0.223082,1457.746216,38.590659,-109.54639
4,3875.948715,1.100996,1421.0979,38.590599,-109.542199
4,4661.984564,0.223672,1458.00061,38.590677,-109.546442
3,2914.50207,-0.709208,1392.569946,38.590486,-109.534638
3,2914.621563,-0.70923,1392.612793,38.590487,-109.534639
4,4666.978234,0.221125,1458.441772,38.590695,-109.546495
4,4671.978073,0.228981,1459.050537,38.590713,-109.546548
4,3871.196763,1.004653,1420.607666,38.590643,-109.542192
4,4677.003486,0.338091,1459.453125,38.590728,-109.546601
3,2919.465726,-0.667097,1392.144287,38.590528,-109.534658
3,2919.582952,-0.672954,1392.144287,38.590529,-109.534658
4,4682.000603,0.284211,1459.6521,38.590743,-109.546656
4,4686.978049,0.216491,1459.429565,38.590761,-109.546708
4,3865.471182,1.180999,1420.099365,38.590683,-109.542168
4,4691.990122,0.255833,1459.495483,38.590777,-109.546762
3,2924.470581,-0.689694,1392.283569,38.590571,-109.534677
3,2924.590053,-0.694951,1392.2854,38.590572,-109.534677
4,4696.964171,0.110471,1459.500977,38.590797,-109.546813
4,3860.660233,1.156918,1419.250977,38.590719,-109.542134
3,2929.483842,-0.705194,1392.25647,38.590613,-109.534695
4,4701.955329,-0.059684,1459.093384,38.590823,-109.54686
3,2929.606082,-0.699685,1392.25647,38.590614,-109.534695
4,3855.547614,1.165944,1418.607788,38.590758,-109.542104
4,4706.960991,-0.068853,1459.090698,38.590851,-109.546905
3,2934.454087,-0.649014,1392.048096,38.590656,-109.534714
3,2934.573298,-0.647959,1392.048096,38.590657,-109.534715
4,4711.954729,0.027682,1459.60376,38.590877,-109.546952
4,3850.469669,1.154378,1417.707031,38.590794,-109.542071
4,4716.962439,0.134898,1459.911377,38.590899,-109.547002
3,2939.424774,-0.612625,1391.791626,38.590697,-109.534737
3,2939.542918,-0.616455,1391.791626,38.590698,-109.534737
4,3845.549842,1.160054,1416.723511,38.590828,-109.542032
4,4721.956323,0.072276,1460.11438,38.590921,-109.547052
4,4726.950885,-0.004261,1460.513794,38.590946,-109.547099
3,2944.410073,-0.559345,1392.029785,38.590738,-109.53476
3,2944.529806,-0.557032,1392.029785,38.590739,-109.534761
4,3840.540729,1.163998,1415.816406,38.590866,-109.542001
4,4731.954906,-0.096295,1461.007202,38.590974,-109.547145
3,2949.286469,-0.275567,1392.325928,38.590774,-109.534795
3,2949.400574,-0.275645,1392.325928,38.590775,-109.534796
4,3835.669902,1.159352,1414.845215,38.590902,-109.541967
4,4736.958532,-0.158604,1461.393066,38.591003,-109.547189
3,2954.254968,-0.047178,1393.243164,38.590805,-109.534836
3,2954.372616,-0.038526,1393.243164,38.590806,-109.534837
4,3384.742439,0.727111,1387.266968,38.590862,-109.537733
4,3389.578398,0.467092,1387.524536,38.590865,-109.53779
4,3379.800132,0.809605,1387.159424,38.590867,-109.537676
4,4741.957821,-0.082541,1461.840942,38.591033,-109.547231
4,3830.964025,1.087748,1413.753906,38.590943,-109.541945
4,3374.85745,0.849575,1387.177246,38.590875,-109.53762
3,2959.250718,-0.005698,1393.221802,38.590829,-109.534885
3,2959.369105,-0.013628,1393.221802,38.590829,-109.534886
4,3394.484373,0.182608,1387.512207,38.590883,-109.537843
4,3369.995162,0.969276,1387.102051,38.590887,-109.537565
4,3399.533155,0.437701,1387.492188,38.590897,-109.537897
4,4746.951285,-0.066516,1461.877563,38.59106,-109.547277
4,3404.586458,0.512285,1387.928711,38.590903,-109.537954
4,3409.558714,0.438862,1388.10144,38.590911,-109.538011
3,2964.290988,-0.310093,1393.787842,38.590861,-109.534925
3,2964.406336,-0.316623,1393.787842,38.590862,-109.534925
4,3365.236553,1.082024,1386.969727,38.590907,-109.537514
4,3414.567829,0.47694,1388.075684,38.59092,-109.538067
4,3826.009997,1.091345,1412.644775,38.590987,-109.541933
4,3419.611773,0.5725,1388.217773,38.590927,-109.538124
4,3424.673937,0.662196,1388.660645,38.590929,-109.538181
4,4751.952778,-0.057132,1461.775269,38.591088,-109.547322
4,3429.491637,0.185645,1388.859131,38.590939,-109.538236
3,2969.275247,-0.227925,1393.69873,38.590895,-109.534963
4,3360.629702,1.159571,1387.221802,38.590938,-109.537472
3,2969.394749,-0.219649,1393.651855,38.590896,-109.534964
4,4756.951624,-0.037298,1462.145996,38.591115,-109.547368
4,3434.472859,0.108922,1388.960693,38.590961,-109.538286
4,3821.171803,0.989872,1411.305664,38.591032,-109.541923
3,2974.253324,-0.095012,1393.5,38.590924,-109.535006
3,2974.374235,-0.091858,1393.5,38.590925,-109.535007
4,3439.47124,0.157029,1388.970459,38.590982,-109.538337
4,4761.952162,-0.02122,1462.813965,38.591142,-109.547414
4,3355.757786,1.155607,1387.423462,38.590977,-109.537443
4,3444.49321,0.275655,1389.151001,38.590999,-109.53839
3,2979.248168,-0.023225,1393.223633,38.590952,-109.535052
3,2979.366107,-0.021913,1393.223633,38.590952,-109.535053
4,4766.948106,-0.070872,1463.06958,38.591169,-109.54746
4,3449.516526,0.35025,1389.243164,38.591014,-109.538444
4,3816.007367,1.097829,1410.096924,38.591076,-109.541918
4,3454.479322,0.139815,1389.056763,38.59103,-109.538497
3,2984.2481,0.016261,1393.108154,38.590977,-109.535099
3,2984.363629,0.016414,1393.108154,38.590978,-109.5351
4,3350.858007,1.140503,1387.721924,38.591018,-109.537419
4,4771.946785,-0.073992,1463.052368,38.591197,-109.547505
4,3459.4634,-0.091681,1389.451416,38.591056,-109.538544
3,2989.254284,0.132145,1392.775635,38.591,-109.535148
3,2989.372685,0.133568,1392.775635,38.591001,-109.535149
4,3810.828893,1.136936,1408.409668,38.591118,-109.541896
4,4776.948282,-0.066321,1462.942627,38.591224,-109.54755
3,2994.269589,0.233295,1392.481445,38.591019,-109.5352
3,2994.391673,0.236074,1392.481445,38.59102,-109.535201
4,3346.071503,1.07789,1387.269287,38.591061,-109.537402
4,3464.524268,-0.425111,1388.762207,38.59109,-109.538582
3,2999.285282,0.285679,1392.059082,38.591035,-109.535254
3,2999.398388,0.28168,1392.059082,38.591036,-109.535255
4,4781.949414,-0.064968,1462.763916,38.591252,-109.547596
4,3805.742641,1.153166,1408.439697,38.591159,-109.541872
3,3004.273001,0.250058,1391.587158,38.591052,-109.535307
3,3004.394622,0.251864,1391.587158,38.591052,-109.535308
3,3009.291917,0.323517,1391.044189,38.591067,-109.535361
3,3009.411015,0.324756,1391.044189,38.591068,-109.535362
4,4786.942229,-0.001492,1463.296631,38.591279,-109.547642
4,3341.068095,1.075194,1387.554321,38.591105,-109.53739
4,3469.599927,-0.545209,1388.882202,38.59113,-109.538609
3,3014.300443,0.360914,1391.572021,38.591081,-109.535416
3,3014.418423,0.361133,1391.572021,38.591081,-109.535417
4,3800.400939,1.147961,1408.837524,38.591195,-109.541839
4,4791.96513,0.181134,1463.224121,38.591299,-109.547693
3,3019.300937,0.365142,1392.938721,38.591093,-109.535471
3,3019.300937,0.365142,1392.938721,38.591093,-109.535471
3,3019.427363,0.3674,1392.938721,38.591094,-109.535472
3,3019.427363,0.3674,1392.938721,38.591094,-109.535472
3,3024.25411,0.10706,1394.111938,38.59111,-109.535524
3,3024.25411,0.10706,1394.111938,38.59111,-109.535524
3,3024.37309,0.094479,1394.111938,38.59111,-109.535525
3,3024.37309,0.094479,1394.111938,38.59111,-109.535525
4,3474.555355,-0.464571,1389.113892,38.591168,-109.538639
4,4796.951229,-0.082819,1463.03418,38.591325,-109.54774
4,3335.732825,1.159248,1387.670898,38.591147,-109.537371
4,3795.526249,1.158155,1408.621826,38.591229,-109.541801
4,4801.943378,-0.032569,1462.816772,38.591352,-109.547786
3,3029.340174,-0.477218,1394.106445,38.591144,-109.535561
3,3029.340174,-0.477218,1394.106445,38.591144,-109.535561
3,3029.459948,-0.479862,1394.106445,38.591145,-109.535562
3,3029.459948,-0.479862,1394.106445,38.591145,-109.535562
4,3479.473581,-0.12139,1389.344971,38.591202,-109.538676
4,3330.174421,1.075088,1387.733154,38.591179,-109.537331
4,3790.339068,1.138539,1408.136108,38.591264,-109.541765
4,4806.941042,-0.033707,1462.739746,38.591379,-109.547832
4,3325.044354,1.000444,1388.640259,38.5912,-109.53728
4,3484.469882,0.131562,1389.518066,38.591226,-109.538724
3,3034.273699,-0.238632,1394.078369,38.59118,-109.535595
3,3034.273699,-0.238632,1394.078369,38.59118,-109.535595
3,3034.394594,-0.229947,1394.078369,38.59118,-109.535596
3,3034.394594,-0.229947,1394.078369,38.59118,-109.535596
4,3785.027776,1.005402,1407.858154,38.591288,-109.541717
4,3489.503774,0.31854,1389.431274,38.591243,-109.538777
4,3319.914272,0.927972,1389.71228,38.591218,-109.537228
4,4811.946326,-0.020085,1462.570313,38.591405,-109.547878
4,3494.493815,0.250963,1389.827393,38.591258,-109.538831
4,3314.9211,0.904848,1390.015015,38.591231,-109.537173
4,3780.14495,1.068803,1407.166138,38.591309,-109.541666
3,3039.246824,0.006811,1395.18042,38.591208,-109.53564
3,3039.246824,0.006811,1395.18042,38.591208,-109.53564
3,3039.363445,0.008546,1395.158447,38.591208,-109.535641
3,3039.363445,0.008546,1395.158447,38.591208,-109.535641
4,4816.946259,0.093343,1462.516602,38.591429,-109.547927
4,3309.917578,0.915472,1390.128662,38.591244,-109.537118
4,3499.458667,0.058761,1390.454102,38.591279,-109.538882
3,3044.266123,0.287057,1395.753174,38.591228,-109.535691
3,3044.266123,0.287057,1395.753174,38.591228,-109.535691
3,3044.385095,0.296093,1395.753174,38.591228,-109.535692
3,3044.385095,0.296093,1395.753174,38.591228,-109.535692
4,3304.909419,0.915008,1390.055054,38.591257,-109.537063
4,3775.312292,1.127422,1407.180664,38.591336,-109.54162
3,3049.352685,0.476731,1395.945068,38.591236,-109.535747
3,3049.352685,0.476731,1395.945068,38.591236,-109.535747
3,3049.477168,0.471496,1395.945068,38.591237,-109.535749
3,3049.477168,0.471496,1395.945068,38.591237,-109.535749
4,4821.958937,0.19029,1462.274536,38.591449,-109.547978
4,3299.78285,0.800614,1390.065063,38.591269,-109.537008
4,3504.457939,0.04178,1390.299316,38.591303,-109.538931
3,3054.258075,0.107675,1396.285767,38.591252,-109.5358
3,3054.258075,0.107675,1396.285767,38.591252,-109.5358
3,3054.368567,0.095979,1396.285767,38.591253,-109.535802
3,3054.368567,0.095979,1396.285767,38.591253,-109.535802
4,3294.767455,0.770503,1390.021118,38.591275,-109.536951
4,4826.943877,0.098532,1462.027344,38.59147,-109.548029
4,3289.750052,0.754201,1389.991211,38.59128,-109.536894
4,3284.676278,0.655548,1390.005981,38.591282,-109.536837
4,3280.03599,0.917039,1390.660278,38.591284,-109.536779
4,3770.311725,1.127792,1407.150146,38.591367,-109.541578
4,3509.460136,-0.027165,1390.393066,38.591329,-109.538978
3,3059.25295,-0.148683,1396.065063,38.591281,-109.535845
3,3059.25295,-0.148683,1396.065063,38.591281,-109.535845
3,3059.3719,-0.151626,1396.14917,38.591281,-109.535846
3,3059.3719,-0.151626,1396.14917,38.591281,-109.535846
4,4831.949555,0.128916,1461.575439,38.591493,-109.548079
4,3764.996854,0.997674,1406.693237,38.591391,-109.54153
4,3514.459686,0.144473,1390.430908,38.591352,-109.539027
4,3276.024706,1.086285,1391.657715,38.591315,-109.536742
4,4836.974473,0.303434,1461.011841,38.591511,-109.548131
4,3759.849716,0.888614,1405.744507,38.591408,-109.541477
3,3064.267954,-0.241063,1396.115479,38.591313,-109.535885
3,3064.267954,-0.241063,1396.115479,38.591313,-109.535885
3,3064.267954,-0.241063,1396.115479,38.591313,-109.535885
4,4841.993825,0.380283,1459.813721,38.591524,-109.548186
3,3064.38915,-0.235081,1396.115479,38.591313,-109.535886
3,3064.38915,-0.235081,1396.115479,38.591313,-109.535886
3,3064.38915,-0.235081,1396.115479,38.591313,-109.535886
4,3519.474188,0.170513,1390.638916,38.59137,-109.539079
4,4847.010992,0.388528,1459.417725,38.591536,-109.548241
4,3754.972454,0.970468,1404.59082,38.591421,-109.541422
3,3084.43137,0.618862,1397.798584,38.591339,-109.536102
3,3084.43137,0.618862,1397.798584,38.591339,-109.536102
3,3084.43137,0.618862,1397.798584,38.591339,-109.536102
3,3084.54308,0.617888,1397.798584,38.591339,-109.536103
3,3084.54308,0.617888,1397.798584,38.591339,-109.536103
3,3084.54308,0.617888,1397.798584,38.591339,-109.536103
4,4851.98147,0.290628,1460.067627,38.59155,-109.548296
3,3079.692142,0.801406,1397.002441,38.59134,-109.536046
3,3079.692142,0.801406,1397.002441,38.59134,-109.536046
3,3079.692142,0.801406,1397.002441,38.59134,-109.536046
3,3079.577451,0.802937,1397.002441,38.59134,-109.536044
3,3079.577451,0.802937,1397.002441,38.59134,-109.536044
3,3079.577451,0.802937,1397.002441,38.59134,-109.536044
4,3524.453645,-0.025843,1391.041016,38.591394,-109.539128
3,3069.238172,0.155141,1396.168945,38.591339,-109.535931
3,3069.238172,0.155141,1396.168945,38.591339,-109.535931
3,3069.238172,0.155141,1396.168945,38.591339,-109.535931
3,3069.36633,0.17076,1396.168945,38.59134,-109.535933
3,3069.36633,0.17076,1396.168945,38.59134,-109.535933
3,3069.36633,0.17076,1396.168945,38.59134,-109.535933
3,3089.361019,0.501588,1399.096436,38.591344,-109.536158
3,3089.361019,0.501588,1399.096436,38.591344,-109.536158
3,3089.361019,0.501588,1399.096436,38.591344,-109.536158
3,3089.484748,0.498605,1399.096436,38.591344,-109.53616
3,3089.484748,0.498605,1399.096436,38.591344,-109.53616
3,3089.484748,0.498605,1399.096436,38.591344,-109.53616
4,3749.82954,0.87835,1403.784424,38.591436,-109.541368
3,3074.559194,0.694459,1396.266602,38.591346,-109.535989
3,3074.559194,0.694459,1396.266602,38.591346,-109.535989
3,3074.559194,0.694459,1396.266602,38.591346,-109.535989
3,3074.44601,0.686564,1396.266602,38.591346,-109.535988
3,3074.44601,0.686564,1396.266602,38.591346,-109.535988
3,3074.44601,0.686564,1396.266602,38.591346,-109.535988
4,3271.402964,0.854723,1392.904663,38.59136,-109.536743
4,4856.940043,0.091161,1460.542847,38.59157,-109.548347
4,3744.923149,0.943203,1402.858765,38.591449,-109.541313
3,3094.237396,-0.062743,1400.015259,38.591362,-109.53621
3,3094.237396,-0.062743,1400.015259,38.591362,-109.53621
3,3094.3641,-0.087337,1400.13562,38.591362,-109.536211
3,3094.3641,-0.087337,1400.13562,38.591362,-109.536211
4,3529.477137,-0.196257,1391.498413,38.591423,-109.539171
4,3740.0429,1.02444,1402.415894,38.591467,-109.541261
4,4861.939216,-0.032958,1460.76355,38.591595,-109.548394
4,3266.491543,0.790133,1393.661377,38.591404,-109.536754
3,3099.371854,-0.573396,1401.123047,38.591398,-109.536243
3,3099.371854,-0.573396,1401.123047,38.591398,-109.536243
3,3099.487255,-0.586432,1401.123047,38.591399,-109.536243
3,3099.487255,-0.586432,1401.123047,38.591399,-109.536243
4,3735.045434,1.023033,1401.857178,38.591488,-109.54121
4,3534.478726,-0.180788,1392.240601,38.591456,-109.539211
4,4866.935634,0.039629,1461.070435,38.59162,-109.548442
4,3730.043328,1.017761,1401.319946,38.591508,-109.541159
4,3539.460101,-0.076131,1392.949951,38.591485,-109.539255
4,4871.940045,-0.036585,1461.719482,38.591646,-109.548489
4,3261.495391,0.788233,1394.287842,38.591448,-109.536767
3,3104.401411,-0.563261,1402.081543,38.591439,-109.536266
3,3104.401411,-0.563261,1402.081543,38.591439,-109.536266
3,3104.522037,-0.562305,1402.081543,38.59144,-109.536267
3,3104.522037,-0.562305,1402.081543,38.59144,-109.536267
4,3725.284437,1.118098,1400.125977,38.591532,-109.54111
4,3544.461931,0.126315,1393.101929,38.591509,-109.539303
4,4876.93439,0.010314,1462.077393,38.591672,-109.548536
4,3549.466344,0.187044,1393.344971,38.591529,-109.539355
3,3109.305644,-0.346749,1402.990723,38.591477,-109.536298
3,3109.305644,-0.346749,1402.990723,38.591477,-109.536298
3,3109.42025,-0.34576,1402.990723,38.591478,-109.536298
3,3109.42025,-0.34576,1402.990723,38.591478,-109.536298
4,3720.332421,1.128807,1400.200195,38.591561,-109.541066
4,3256.543945,0.719707,1395.35791,38.591491,-109.536782
4,4881.935772,-0.11231,1461.724731,38.591699,-109.548582
4,3554.479698,0.216272,1393.450684,38.591546,-109.539408
4,3715.131969,1.082284,1400.275269,38.59159,-109.541022
3,3114.279982,-0.288045,1403.76416,38.591511,-109.536336
3,3114.279982,-0.288045,1403.76416,38.591511,-109.536336
3,3114.398503,-0.287292,1403.76416,38.591512,-109.536336
3,3114.398503,-0.287292,1403.76416,38.591512,-109.536336
4,3559.457995,0.13183,1393.437988,38.591567,-109.539459
4,4886.946588,-0.158431,1461.403076,38.591729,-109.548624
4,3251.57263,0.669637,1396.020142,38.591534,-109.5368
4,3709.841669,0.878753,1399.99707,38.591608,-109.54097
4,3564.460498,0.160684,1393.403564,38.591587,-109.53951
4,3705.015672,1.001399,1399.322388,38.591622,-109.540916
3,3119.275823,-0.269266,1404.348022,38.591544,-109.536374
3,3119.275823,-0.269266,1404.348022,38.591544,-109.536374
3,3119.393464,-0.270198,1404.348022,38.591545,-109.536375
3,3119.393464,-0.270198,1404.348022,38.591545,-109.536375
4,4891.935277,0.037094,1461.073486,38.591756,-109.54867
4,3569.472567,0.198255,1392.661621,38.591607,-109.539562
4,4896.982819,0.37123,1461.183472,38.591774,-109.548723
4,3700.109181,1.047452,1398.622559,38.591642,-109.540864
4,3246.677937,0.519157,1397.319336,38.591574,-109.536825
4,3574.487707,0.296123,1392.133301,38.591623,-109.539615
4,4902.035107,0.468994,1461.490356,38.591783,-109.548779
4,4907.011761,0.431597,1461.970093,38.591792,-109.548835
3,3124.305491,-0.359051,1404.621094,38.59158,-109.536409
3,3124.421881,-0.358908,1404.839233,38.59158,-109.53641
4,3579.478326,0.236207,1392.215942,38.59164,-109.539669
4,4912.042013,0.486999,1462.448364,38.5918,-109.548892
4,3695.156263,1.071312,1397.966919,38.591665,-109.540815
4,4917.009002,0.375318,1462.803223,38.591809,-109.548948
4,3584.464698,0.154311,1392.603882,38.591659,-109.539721
4,3241.732403,0.385544,1398.517578,38.591612,-109.536856
4,4921.948347,0.201556,1462.919678,38.591827,-109.549001
3,3129.300229,-0.351824,1404.819824,38.591615,-109.536445
3,3129.415754,-0.353029,1404.819824,38.591616,-109.536446
4,3690.211728,1.091321,1397.52832,38.59169,-109.540768
4,3589.448972,-0.008347,1392.824951,38.591683,-109.539769
4,4926.933689,0.064206,1462.809448,38.591848,-109.549052
4,3236.753821,0.323014,1399.706543,38.591648,-109.536891
4,3685.063142,1.035679,1397.084106,38.591715,-109.54072
4,3594.450331,0.02826,1392.970337,38.591707,-109.539817
3,3134.31189,-0.391856,1404.29834,38.591651,-109.536479
3,3134.42499,-0.39831,1404.29834,38.591652,-109.53648
4,4931.931009,-0.086122,1462.725952,38.591875,-109.549097
4,3680.217112,1.090847,1396.424316,38.591737,-109.54067
4,4934.310104,-0.104795,1462.840454,38.591889,-109.549118
4,3231.7711,0.25838,1400.87793,38.591681,-109.53693
4,3599.454239,-0.063699,1393.063477,38.591734,-109.539863
3,3139.357389,-0.545926,1404.401367,38.591689,-109.53651
3,3139.471533,-0.560926,1404.534424,38.59169,-109.53651
4,3675.115967,1.060237,1395.591187,38.591763,-109.540622
4,3604.45228,-0.003635,1393.026855,38.59176,-109.53991
4,4939.336929,-0.26439,1462.760864,38.591921,-109.549158
4,3226.776997,0.263463,1401.769165,38.591715,-109.536968
4,3670.110558,1.054606,1395.156616,38.591786,-109.540573
4,3609.448046,-0.00221,1393.302979,38.591786,-109.539957
3,3144.431369,-0.630551,1404.456055,38.591731,-109.536532
3,3144.548516,-0.631632,1404.456055,38.591732,-109.536532
4,4944.338504,-0.271044,1462.589844,38.591954,-109.549197
4,3665.113559,1.059503,1394.792236,38.591809,-109.540524
4,3221.742384,0.370331,1402.772583,38.591749,-109.537005
4,3614.447128,0.129696,1393.431396,38.59181,-109.540005
4,3660.11998,1.055936,1394.707153,38.591832,-109.540475
4,3619.473355,0.222956,1393.425049,38.591828,-109.540058
3,3149.309993,-0.330211,1403.8479,38.59177,-109.53656
4,4949.342681,-0.311223,1462.334229,38.591988,-109.549235
3,3149.427725,-0.317905,1403.8479,38.591771,-109.536561
4,3216.66715,0.611522,1405.101318,38.591788,-109.537035
4,3624.454693,0.124188,1393.505859,38.591848,-109.540109
4,3655.260978,1.111712,1394.559082,38.591857,-109.540427
3,3154.2901,-0.314925,1403.272461,38.591804,-109.536598
3,3154.400618,-0.317864,1403.272461,38.591804,-109.536598
4,4954.358274,-0.350318,1462.005249,38.592023,-109.54927
4,3629.45283,0.111283,1393.613525,38.59187,-109.540159
4,3650.001907,1.00319,1394.965698,38.591883,-109.54038
4,3211.208213,1.019247,1406.096191,38.591832,-109.537043
4,3634.479078,0.358237,1394.083252,38.591889,-109.540211
4,3644.741893,0.779313,1394.79834,38.591894,-109.540325
4,3639.574811,0.535388,1394.492188,38.591896,-109.540268
3,3159.286503,-0.321203,1402.909912,38.591839,-109.536634
3,3159.405789,-0.317649,1402.909912,38.591839,-109.536635
4,4959.359737,-0.350937,1461.456421,38.592059,-109.549306
4,3205.812054,1.155071,1406.586914,38.591875,-109.537027
3,3164.263254,-0.207655,1404.048828,38.591872,-109.536673
3,3164.376773,-0.210233,1404.473022,38.591872,-109.536674
4,4964.350606,-0.31845,1460.857666,38.592094,-109.549341
3,3169.260188,-0.203184,1405.531128,38.591903,-109.536714
3,3169.373007,-0.205691,1405.531128,38.591904,-109.536715
4,4969.307751,0.049222,1460.171387,38.592122,-109.549386
4,3200.42607,1.144117,1406.895874,38.59191,-109.536993
4,4974.322524,0.201953,1459.625122,38.592143,-109.549436
3,3174.25752,-0.202769,1406.651855,38.591935,-109.536755
3,3174.377294,-0.200694,1406.651855,38.591936,-109.536756
4,3195.185933,1.073102,1407.065552,38.591939,-109.536949
4,4979.332304,0.271094,1459.002197,38.59216,-109.549489
4,4984.362941,0.371663,1458.766602,38.592174,-109.549544
4,3190.09758,1.028957,1407.922241,38.591962,-109.536899
4,4989.411632,0.485244,1459.079346,38.592184,-109.5496
3,3179.266674,-0.231763,1407.601807,38.591967,-109.536795
3,3179.266674,-0.231763,1407.601807,38.591967,-109.536795
3,3179.38177,-0.23416,1407.601807,38.591968,-109.536796
4,4994.430735,0.543649,1459.156982,38.59219,-109.549657
4,3187.336994,0.941423,1408.177246,38.591972,-109.536872
4,4999.474227,0.601622,1459.685059,38.592194,-109.549714
4,5004.488018,0.614605,1460.495483,38.592195,-109.549771
4,3184.834192,0.843304,1408.177246,38.591978,-109.536846
3,3182.28329,0.712044,1408.064331,38.591981,-109.536827
3,3181.789712,-0.044617,1408.156006,38.591982,-109.536816
4,5009.34285,0.261094,1460.886841,38.592206,-109.549827
5,11499.3912,0.780597,1407.689087,38.591988,-109.536759
5,11499.3912,0.780597,1407.689087,38.591988,-109.536759
5,11494.62691,0.975672,1407.062744,38.591997,-109.536704
4,5014.303848,-0.018665,1460.314819,38.592231,-109.549874
5,11490.029289,1.136603,1406.859497,38.592021,-109.536655
4,5019.307868,0.092179,1459.626099,38.592255,-109.549923
4,5024.305623,0.11774,1458.60083,38.592277,-109.549973
5,11485.102092,1.152005,1406.899292,38.592054,-109.536617
4,5029.303255,0.103824,1457.970093,38.592299,-109.550023
5,11480.006475,1.135793,1406.269043,38.592087,-109.536577
4,5034.302267,0.077689,1457.882935,38.592322,-109.550073
5,11474.713711,1.033939,1404.986816,38.592114,-109.536531
4,5039.303144,-0.138432,1457.629517,38.592348,-109.550119
5,11470.133121,1.150952,1404.111084,38.592138,-109.536483
4,5044.323392,-0.251373,1457.074951,38.59238,-109.55016
5,11466.037505,0.800215,1402.566895,38.59218,-109.536471
4,5049.360652,-0.360158,1456.491821,38.592415,-109.550195
4,5054.343738,-0.325733,1455.72876,38.592451,-109.55023
5,11461.280014,0.493972,1402.207764,38.59222,-109.536495
4,5059.339175,-0.308711,1454.729858,38.592485,-109.550267
5,11456.35429,0.295514,1401.562744,38.592257,-109.536528
4,5064.328061,-0.256964,1454.210327,38.592519,-109.550305
5,11451.357258,0.322789,1402.343018,38.592291,-109.536565
4,5069.3237,-0.257895,1454.220947,38.592552,-109.550344
5,11446.321436,0.439693,1402.952515,38.592327,-109.536599
4,5074.322736,-0.257776,1454.915039,38.592585,-109.550383
5,11441.28051,0.500986,1403.286865,38.592366,-109.536628
4,5079.329813,-0.276448,1455.171387,38.592619,-109.550422
5,11436.313208,0.446998,1402.555054,38.592405,-109.536658
4,5084.328832,-0.287373,1455.393188,38.592652,-109.55046
5,11431.33122,0.400169,1403.421753,38.592442,-109.53669
4,5089.328673,-0.286017,1455.904297,38.592686,-109.550497
5,11426.328553,0.430597,1404.160889,38.592479,-109.536723
4,5094.326479,-0.268991,1456.55896,38.59272,-109.550535
4,5099.301634,-0.137803,1457.171387,38.592751,-109.550576
5,11421.267131,0.564756,1404.553467,38.592518,-109.536751
4,5104.292921,-0.044343,1457.468506,38.592779,-109.550621
5,11416.240774,0.615621,1404.446411,38.592559,-109.536775
4,5109.295126,-0.089243,1457.77771,38.592807,-109.550667
4,5114.295243,-0.061912,1458.143433,38.592835,-109.550711
5,11411.088532,0.797737,1404.40686,38.592602,-109.53679
4,5119.29791,0.132938,1458.176514,38.592858,-109.55076
4,5124.335863,0.341679,1457.798584,38.592875,-109.550814
4,5129.338049,0.321959,1457.554688,38.592888,-109.550869
5,11406.059441,0.839929,1404.63916,38.592647,-109.536801
4,5134.311779,0.2248,1457.304688,38.592904,-109.550922
4,5139.303362,0.152389,1457.224121,38.592923,-109.550974
5,11401.035264,0.853872,1404.918091,38.592691,-109.536809
4,5144.295444,-0.134369,1457.76416,38.59295,-109.55102
5,11395.817966,1.012638,1404.567871,38.592736,-109.536811
4,5149.30128,-0.170546,1459.05127,38.592981,-109.551062
4,5154.290789,-0.005099,1460.018433,38.593009,-109.551107
5,11390.773386,1.030482,1404.09729,38.592781,-109.536803
4,5159.293027,0.126072,1461.049805,38.593032,-109.551156
4,5164.331268,0.359352,1462.249023,38.593048,-109.551209
4,5179.489443,0.629193,1464.888184,38.593052,-109.55138
4,5174.546765,0.716721,1464.119873,38.593052,-109.551323
4,5169.449745,0.633552,1463.268066,38.593055,-109.551266
4,5184.381512,0.439798,1465.712769,38.593059,-109.551437
4,5189.295102,0.13285,1465.644775,38.593077,-109.55149
5,11385.950766,0.910636,1402.907104,38.592826,-109.536801
4,5194.299937,0.181871,1465.245117,38.593097,-109.551541
4,5199.303389,0.223165,1465.216797,38.593116,-109.551593
5,11381.183079,0.684823,1402.574341,38.592869,-109.536815
4,5204.304374,0.186451,1465.255127,38.593134,-109.551646
4,5209.286264,0.060616,1465.157959,38.593156,-109.551695
5,11376.135149,0.754588,1401.899902,38.592912,-109.536832
4,5214.297254,0.193231,1464.756836,38.593177,-109.551746
4,5219.30635,0.258228,1463.621216,38.593195,-109.551799
4,5224.318921,0.295481,1462.806641,38.593211,-109.551852
5,11371.079195,0.816839,1400.756348,38.592956,-109.536844
4,5229.325116,0.303855,1462.064453,38.593226,-109.551906
4,5234.297664,0.215327,1461.657959,38.593243,-109.551959
5,11366.129797,0.733622,1399.734619,38.593,-109.536857
4,5239.302993,0.200756,1461.01416,38.593261,-109.552012
4,5244.296493,0.190337,1460.256226,38.59328,-109.552064
4,5249.282617,0.070527,1459.83728,38.593302,-109.552114
5,11361.295362,0.497657,1398.472778,38.59304,-109.536883
4,5254.28044,-0.001851,1459.833252,38.593326,-109.552162
5,11356.326959,0.434178,1398.727783,38.593079,-109.536912
4,5259.308117,-0.252393,1459.806763,38.593357,-109.552204
5,11351.360354,0.336511,1398.748535,38.593114,-109.536947
4,5264.31099,-0.272858,1459.979736,38.59339,-109.552242
5,11346.345974,0.388061,1398.223877,38.59315,-109.536982
4,5269.310154,-0.279389,1460.351563,38.593424,-109.55228
5,11341.334017,0.413456,1397.499512,38.593187,-109.537015
4,5274.308163,-0.254989,1460.811523,38.593457,-109.552319
5,11336.356569,0.348321,1397.289307,38.593224,-109.537048
4,5279.296259,-0.162353,1460.589355,38.59349,-109.552359
4,5284.274851,-0.04075,1460.31958,38.593517,-109.552404
5,11331.390581,0.233446,1397.956177,38.593257,-109.537087
4,5289.274991,-0.072484,1460.190918,38.593544,-109.55245
5,11326.391329,0.217901,1398.249756,38.593289,-109.537127
4,5294.321171,-0.335936,1459.693481,38.593577,-109.552489
5,11321.407259,0.10757,1397.745605,38.59332,-109.537168
5,11316.41765,0.036748,1397.355957,38.593347,-109.537214
4,5299.331884,-0.349664,1459.033203,38.593613,-109.552525
5,11311.408544,0.111047,1396.273682,38.593376,-109.537259
4,5304.33174,-0.362477,1458.079102,38.593648,-109.55256
5,11306.413996,0.127111,1395.566162,38.593405,-109.537302
4,5309.349191,-0.409219,1457.556519,38.593685,-109.552593
5,11301.411764,0.159681,1396.527466,38.593435,-109.537345
4,5314.350434,-0.407592,1456.917358,38.593722,-109.552626
5,11296.370885,0.338032,1397.127686,38.593469,-109.537383
4,5319.343228,-0.375606,1456.133789,38.593759,-109.552659
5,11291.334503,0.447902,1397.463867,38.593505,-109.537417
4,5324.309742,-0.281551,1456.097412,38.593793,-109.552696
5,11286.294206,0.551911,1397.758057,38.593544,-109.537445
4,5329.306882,-0.267293,1456.311401,38.593827,-109.552734
5,11281.164458,0.727977,1397.730713,38.593587,-109.537464
4,5334.277234,-0.114302,1456.937744,38.593858,-109.552775
4,5339.273021,-0.10551,1457.620361,38.593886,-109.55282
5,11276.148647,0.751694,1397.511597,38.59363,-109.537479
4,5344.272936,-0.119061,1458.254883,38.593915,-109.552864
5,11271.116506,0.793295,1399.539551,38.593674,-109.537493
4,5349.280354,-0.141857,1459.164795,38.593945,-109.552907
4,5354.278327,-0.143319,1459.997803,38.593975,-109.552949
5,11266.164274,0.715707,1400.895752,38.593718,-109.537507
4,5359.27616,-0.144771,1461.40271,38.594005,-109.552992
5,11261.261868,0.55269,1401.482666,38.593759,-109.53753
4,5364.279115,-0.138824,1462.448486,38.594035,-109.553035
5,11256.334904,0.442725,1401.981445,38.593797,-109.53756
4,5369.269009,-0.051075,1462.959961,38.594064,-109.553079
4,5374.268489,0.010762,1463.266113,38.594089,-109.553127
5,11251.310701,0.508757,1402.524292,38.593836,-109.537589
4,5379.282023,-0.254656,1463.205322,38.594118,-109.553171
5,11246.205919,0.682528,1403.064087,38.593877,-109.537612
4,5384.389142,-0.574744,1462.690918,38.594155,-109.553202
5,11241.021198,0.904164,1402.880249,38.593921,-109.537622
4,5389.441783,-0.609554,1461.89978,38.594197,-109.553225
5,11235.682947,1.099191,1403.547607,38.593966,-109.537617
4,5394.353354,-0.39219,1460.573975,38.594236,-109.553252
4,5444.403601,0.503274,1456.435913,38.594269,-109.553808
4,5439.524396,0.74094,1455.947754,38.594269,-109.553751
4,5399.25941,0.07365,1459.290527,38.594265,-109.553296
4,5434.527779,0.736348,1455.196777,38.594273,-109.553694
4,5429.52788,0.736506,1454.068115,38.594277,-109.553637
5,11230.184403,1.160222,1403.70874,38.594003,-109.537585
4,5424.523826,0.732643,1454.728149,38.59428,-109.55358
4,5404.401399,0.577106,1457.934326,38.594277,-109.55335
4,5409.445341,0.623148,1457.412476,38.594279,-109.553408
4,5414.438854,0.618904,1456.587769,38.594281,-109.553465
4,5419.452638,0.640243,1455.698364,38.594282,-109.553522
4,5449.404776,-0.654483,1456.737549,38.594298,-109.553848
5,11225.35272,1.15704,1403.330444,38.594039,-109.537551
4,5454.538015,-0.747674,1455.084717,38.594342,-109.553861
5,11220.611185,1.102006,1402.567871,38.59408,-109.537527
4,5459.375706,-0.447132,1454.424805,38.594382,-109.553886
5,11215.743337,1.057818,1402.258545,38.594125,-109.537516
4,5464.264302,-0.091537,1454.512085,38.594413,-109.553928
4,5469.267986,-0.089469,1455.022461,38.594441,-109.553973
5,11210.488166,1.143807,1402.327637,38.594168,-109.537502
4,5474.266113,-0.093663,1455.256348,38.59447,-109.554017
5,11205.29397,1.160167,1401.333984,38.594206,-109.537472
4,5479.267843,-0.08492,1455.223633,38.594498,-109.554062
4,5484.264327,-0.017412,1455.267822,38.594526,-109.554107
5,11200.296117,1.165066,1400.311279,38.594244,-109.53744
4,5489.256587,0.028103,1455.47168,38.59455,-109.554155
5,11195.283767,1.167796,1399.825195,38.594282,-109.537409
4,5494.256448,-0.036921,1455.925537,38.594576,-109.554202
4,5499.256469,-0.046266,1455.805908,38.594603,-109.554248
5,11190.139713,1.157413,1400.395996,38.594317,-109.537373
4,5504.256742,-0.04128,1455.447144,38.59463,-109.554294
5,11185.143775,1.15302,1400.636719,38.594351,-109.537336
4,5509.255867,0.007151,1455.081787,38.594656,-109.554341
5,11180.142994,1.156043,1400.883179,38.594385,-109.537298
4,5514.258478,-0.06145,1455.392334,38.594682,-109.554387
4,5519.257992,-0.076027,1455.809082,38.59471,-109.554432
5,11175.195221,1.160877,1400.997314,38.594419,-109.537261
4,5524.256645,0.032845,1455.729614,38.594737,-109.554479
5,11170.27593,1.158811,1400.733643,38.594456,-109.537228
4,5529.253452,0.023361,1455.690674,38.594761,-109.554527
4,5534.251763,-0.042026,1455.631592,38.594787,-109.554574
5,11165.7454,1.058933,1400.599487,38.594497,-109.537204
4,5539.255261,0.018684,1455.42981,38.594813,-109.55462
4,5544.256537,0.047003,1455.660645,38.594838,-109.554669
5,11160.816593,1.027412,1400.704346,38.594541,-109.537197
4,5549.262796,0.143022,1455.87793,38.594859,-109.554719
4,5554.258814,0.113568,1455.669189,38.594881,-109.55477
5,11155.600864,1.509883,1400.710938,38.594583,-109.537182
4,5559.263342,-0.198355,1455.373535,38.594909,-109.554814
5,11148.780477,1.412696,1400.772217,38.594611,-109.537137
5,11148.165275,0.811518,1400.935181,38.594617,-109.537131
5,11144.006428,0.817162,1401.42334,38.594624,-109.537084
5,11143.944465,0.816778,1401.42334,38.594624,-109.537083
5,11143.41374,0.817024,1401.42334,38.594625,-109.537077
5,11139.13808,0.840445,1401.424805,38.594632,-109.537029
5,11138.986947,0.843798,1401.424805,38.594632,-109.537027
5,11138.45316,0.852506,1401.424805,38.594633,-109.537021
4,5564.291184,-0.295069,1455.197388,38.594942,-109.554852
5,11134.423088,1.046675,1401.373901,38.594646,-109.536975
5,11134.26402,1.048909,1401.373901,38.594647,-109.536973
5,11133.752867,1.054146,1401.373047,38.59465,-109.536968
4,5569.276727,-0.22342,1454.776123,38.594976,-109.554891
5,11129.409224,1.046383,1401.481812,38.594669,-109.536925
5,11128.692917,1.039859,1401.507568,38.594672,-109.536918
5,11123.579304,0.96756,1401.666504,38.594691,-109.536866
4,5574.262365,-0.150413,1454.249268,38.595006,-109.554933
5,11118.6483,0.987525,1401.815552,38.594707,-109.536812
4,5579.247911,-0.003704,1454.065186,38.595034,-109.554977
5,11113.68551,1.023535,1402.092529,38.594726,-109.536761
4,5584.250208,0.098353,1454.118408,38.595058,-109.555026
5,11108.822254,1.087927,1402.418213,38.594749,-109.536711
4,5589.280788,0.294036,1454.018188,38.595077,-109.555078
4,5594.29962,0.330246,1453.720093,38.595091,-109.555133
5,11104.054575,1.143573,1402.866943,38.594778,-109.536667
4,5599.273309,0.222341,1453.157104,38.595108,-109.555186
4,5604.2638,0.188519,1452.860596,38.595126,-109.555238
5,11099.418187,1.148674,1403.072021,38.594814,-109.536633
4,5609.248164,0.037791,1452.973389,38.595148,-109.555289
4,5614.255918,-0.211573,1452.839355,38.595177,-109.555332
5,11094.686397,1.076146,1404.225464,38.594857,-109.536616
5,11093.541438,1.047476,1404.482666,38.594867,-109.536614
4,5619.305564,-0.371045,1453.171631,38.595212,-109.555368
5,11089.906132,0.955244,1405.187744,38.594902,-109.536611
5,11089.490858,0.947456,1405.187744,38.594906,-109.536611
5,11088.805399,0.9289,1405.314453,38.594912,-109.536611
4,5624.332218,-0.43454,1452.747192,38.59525,-109.5554
5,11085.061236,0.814673,1405.647461,38.594947,-109.536617
5,11083.972602,0.754809,1406.018311,38.594956,-109.53662
4,5629.285569,-0.272962,1452.724609,38.595285,-109.555436
4,5634.267324,-0.199089,1451.999268,38.595318,-109.555475
5,11079.077037,0.644987,1406.373657,38.594999,-109.536639
4,5639.430426,-0.702791,1450.833008,38.595354,-109.555507
5,11074.159605,0.473524,1407.436157,38.595039,-109.536665
5,5645.79802,-1.118903,1449.112549,38.595393,-109.555496
5,11069.2474,0.197784,1408.835693,38.595074,-109.5367
5,11064.272155,0.06661,1409.44519,38.595104,-109.536744
5,5650.593575,-1.158032,1446.991699,38.595425,-109.555455
5,11059.269194,-0.118983,1409.956055,38.595126,-109.536793
5,5655.561763,-1.16028,1446.70459,38.595459,-109.555419
5,11054.265426,-0.124789,1410.170898,38.595148,-109.536844
5,11049.255437,-0.216758,1410.19519,38.595168,-109.536895
5,5660.489963,-1.165659,1446.724243,38.595496,-109.555385
5,11044.256342,-0.224234,1410.487793,38.595186,-109.536948
5,11039.256183,-0.195894,1411.277588,38.595204,-109.537
5,5665.5221,-1.16431,1448.177246,38.595532,-109.555351
5,11034.27561,-0.074101,1412.218872,38.595226,-109.53705
5,11029.278148,-0.073232,1413.113647,38.595249,-109.537099
5,5670.336988,-1.15415,1448.317139,38.59557,-109.55532
5,11024.279953,-0.049075,1413.161255,38.595273,-109.537149
5,11019.282141,0.000251,1413.9104,38.595298,-109.537196
5,5675.496521,-1.15971,1447.638672,38.595609,-109.555292
5,11014.27658,-0.001862,1415.006836,38.595323,-109.537243
5,5680.535651,-1.159161,1446.898438,38.595645,-109.555258
5,11009.279761,0.017237,1415.394287,38.595349,-109.53729
5,5685.891195,-1.092061,1446.124146,38.595678,-109.555219
5,11004.278528,0.020739,1415.728149,38.595376,-109.537337
5,5690.97772,-1.046088,1444.720215,38.595702,-109.55517
5,10999.284729,0.072363,1415.646973,38.595402,-109.537383
5,5696.203728,-0.925343,1444.133301,38.595722,-109.555119
5,5701.186714,-0.908546,1443.318848,38.595734,-109.555064
5,10994.208351,0.495524,1416.223511,38.595436,-109.53742
5,5706.017455,-1.027401,1442.315674,38.59575,-109.55501
5,5710.958436,-1.054291,1441.444336,38.595773,-109.554961
5,10989.17907,0.465068,1416.324585,38.595476,-109.537447
5,5715.515571,-1.16132,1439.957031,38.5958,-109.554915
5,10984.16963,0.507051,1415.553955,38.595515,-109.537477
5,5720.260209,-1.134751,1439.196777,38.595839,-109.554887
5,10979.141781,0.553047,1414.742065,38.595555,-109.537503
5,5724.976802,-1.04738,1438.967651,38.595883,-109.554874
5,10974.133911,0.602059,1413.734375,38.595595,-109.537528
5,5730.068718,-1.093566,1438.439209,38.595927,-109.554863
5,10969.001236,0.764163,1412.709717,38.595638,-109.537545
5,5735.222703,-1.134921,1437.646484,38.595969,-109.554844
5,10963.971045,0.793678,1411.723511,38.595682,-109.537558
5,5740.497083,-1.163259,1436.250244,38.596008,-109.554815
5,10958.995207,0.765375,1410.84375,38.595726,-109.537571
5,5745.834315,-1.123594,1435.529785,38.596043,-109.554779
5,10953.973202,0.790277,1410.457275,38.595769,-109.537585
5,5750.77858,-1.119351,1435.212646,38.59607,-109.554733
5,5755.9066,-1.083866,1435.420166,38.596097,-109.554687
5,10948.89152,0.872245,1410.643066,38.595814,-109.537593
5,5760.321305,-1.141247,1435.787109,38.596127,-109.554645
5,10943.696559,1.017064,1409.642578,38.595859,-109.537593
5,5764.932547,-1.03046,1435.474121,38.596171,-109.554635
5,10938.673,1.021901,1408.674072,38.595904,-109.537587
5,5769.939375,-1.035931,1434.952759,38.596216,-109.554628
5,10933.758906,0.972018,1408.194824,38.595949,-109.537583
5,5775.112848,-1.103665,1434.278198,38.59626,-109.554616
5,10928.979606,0.775003,1407.846924,38.595993,-109.537589
5,5780.366665,-1.15772,1434.041748,38.596302,-109.554596
5,10924.14693,0.555982,1407.359253,38.596035,-109.537611
5,5785.539213,-1.160426,1433.708008,38.596338,-109.554562
5,10919.1637,0.547577,1406.90625,38.596075,-109.537638
5,5790.572804,-1.158696,1433.398071,38.596373,-109.554527
5,10914.161428,0.529989,1406.625977,38.596115,-109.537664
5,5795.749986,-1.135646,1432.825439,38.596407,-109.554488
5,5800.585416,-1.149323,1432.432739,38.596438,-109.554447
5,10909.25143,0.277166,1406.030029,38.596151,-109.537698
5,10904.26746,0.254181,1405.547241,38.596184,-109.537737
5,5805.2146,-1.128092,1432.082397,38.596475,-109.554415
5,10899.266233,0.25665,1405.090088,38.596217,-109.537776
5,5810.082057,-1.099157,1431.981079,38.596518,-109.554398
5,10894.265307,0.255128,1404.751465,38.59625,-109.537815
5,5815.276599,-1.14877,1431.968994,38.596561,-109.554381
5,10889.291767,0.08432,1404.201904,38.596281,-109.537856
5,10884.287567,-0.122689,1403.198608,38.596304,-109.537906
5,5820.256733,-1.1462,1431.998047,38.596601,-109.554354
5,10879.292491,-0.119333,1402.928833,38.596326,-109.537956
5,10874.289476,-0.119428,1402.859009,38.596347,-109.538006
5,5825.544295,-1.162442,1432.013794,38.596638,-109.554322
5,10869.2918,-0.119565,1402.593018,38.596369,-109.538057
5,10864.293617,-0.118727,1402.101074,38.596391,-109.538107
5,5830.717856,-1.138897,1432.176514,38.59667,-109.554283
5,10859.29334,-0.118444,1401.485474,38.596412,-109.538157
5,10823.910228,-0.85533,1398.202393,38.596432,-109.538533
5,5835.59186,-1.151284,1431.84436,38.596702,-109.554242
5,10819.22238,-0.369282,1398.364746,38.596435,-109.53859
5,10854.287941,-0.15476,1400.63501,38.596434,-109.538208
5,10828.636919,-1.043486,1397.666748,38.596448,-109.53848
5,10814.291678,-0.189312,1398.925781,38.596454,-109.538642
5,10849.26689,-0.262341,1399.836548,38.596451,-109.538261
5,10809.273977,-0.255464,1398.984863,38.596472,-109.538695
5,5840.370496,-1.158708,1431.977539,38.596738,-109.554207
5,10833.925128,-0.894173,1397.790039,38.596467,-109.538428
5,10844.240712,-0.379744,1399.001709,38.596466,-109.538315
5,10839.157065,-0.583339,1398.320068,38.596472,-109.538372
5,10804.273086,-0.243838,1398.604614,38.596488,-109.538748
5,10799.303182,0.018583,1398.351074,38.596511,-109.538798
5,5845.03458,-1.069762,1433.620483,38.59678,-109.554186
5,10794.30704,0.055564,1397.295654,38.596538,-109.538843
5,5849.313915,-0.062578,1434.022461,38.596817,-109.55421
5,10789.306423,0.054822,1395.674072,38.596565,-109.538889
5,5854.328013,0.204375,1434.206055,38.596837,-109.554262
5,5859.325905,0.211854,1434.769775,38.596856,-109.554314
5,10784.303285,0.081322,1394.198486,38.596593,-109.538934
5,5864.338391,0.288788,1435.799316,38.596872,-109.554367
5,10779.30216,0.086695,1393.959595,38.596621,-109.538979
5,5869.344615,0.252959,1436.998291,38.596888,-109.554421
5,5874.322871,0.191021,1437.902588,38.596907,-109.554473
5,10774.308074,0.073614,1393.713257,38.596649,-109.539024
5,5879.318768,0.190864,1438.780762,38.596926,-109.554525
5,10769.274706,-0.287002,1393.398682,38.59667,-109.539074
5,5884.317898,0.180895,1439.648193,38.596945,-109.554577
5,10764.26525,-0.324244,1392.393555,38.596685,-109.539128
5,10759.237782,-0.417477,1391.744995,38.596697,-109.539183
5,5889.314913,0.169491,1440.202515,38.596965,-109.554629
5,10754.219121,-0.4502,1391.178955,38.596707,-109.539239
5,10749.265399,-0.311325,1390.762207,38.596719,-109.539295
5,5894.313461,0.158998,1440.15332,38.596985,-109.55468
5,10744.273493,-0.297439,1390.762695,38.596734,-109.539349
5,5899.307501,-0.166895,1440.245972,38.597011,-109.554727
5,10739.270659,-0.313064,1390.458618,38.596749,-109.539403
5,10734.269433,-0.324494,1390.040039,38.596764,-109.539457
5,5902.648936,-0.363019,1439.982788,38.597033,-109.554751
5,10729.265219,-0.336695,1389.260498,38.596778,-109.539512
5,10724.269807,-0.302672,1388.963623,38.596792,-109.539566
5,5907.651371,-0.345584,1439.544922,38.597069,-109.554786
5,10719.31846,0.065068,1388.303467,38.596814,-109.539616
5,5912.631705,-0.292907,1439.285034,38.597104,-109.554822
5,10714.245804,0.399422,1387.334717,38.596849,-109.539652
5,5917.629765,-0.296645,1438.970459,38.597138,-109.55486
5,10709.236189,0.438876,1387.119873,38.596886,-109.539685
5,5922.664108,-0.404617,1438.339844,38.597174,-109.554895
5,10703.986306,0.838061,1386.721069,38.596928,-109.539704
5,5927.714511,-0.51813,1437.860352,38.597213,-109.554924
5,10698.736913,1.00765,1386.614258,38.596973,-109.539703
5,10698.736913,1.00765,1386.614258,38.596973,-109.539703
5,5932.765162,-0.610622,1436.704346,38.597253,-109.554948
5,10693.795137,0.968529,1384.447388,38.597018,-109.539699
5,5937.717758,-0.526295,1435.994629,38.597294,-109.554974
5,10688.81941,0.958298,1383.730469,38.597063,-109.539699
5,5942.795816,-0.742838,1437.20813,38.597335,-109.554997
5,10683.823987,0.949418,1382.939087,38.597108,-109.539699
5,5948.13276,-1.008513,1438.251465,38.59738,-109.554999
5,10678.975555,0.819071,1382.097168,38.597152,-109.539705
5,5953.953828,-1.156202,1438.624023,38.597421,-109.554978
5,5959.360048,-1.003109,1438.079468,38.597446,-109.554931
5,10674.015847,0.766502,1381.730347,38.597196,-109.539717
5,5964.583282,-0.828075,1437.456787,38.59746,-109.554876
5,5969.631037,-0.749122,1436.693848,38.597465,-109.554819
5,5974.650434,-0.754234,1436.024536,38.59747,-109.554762
5,5999.724564,-0.620672,1432.288574,38.597467,-109.554476
5,5979.696748,-0.677494,1435.371094,38.597473,-109.554705
5,5994.743392,-0.609754,1432.909302,38.59747,-109.554533
5,6004.621923,-0.764917,1431.350708,38.597469,-109.554418
5,5984.717184,-0.649159,1434.517456,38.597473,-109.554648
5,5989.739519,-0.623088,1433.641846,38.597472,-109.55459
5,6009.596793,-0.80136,1430.559692,38.597475,-109.554362
5,6014.68166,-0.705508,1429.264648,38.59748,-109.554305
5,6019.592408,-0.779184,1429.53772,38.597482,-109.554247
5,10669.105641,0.674185,1381.73938,38.597239,-109.539736
5,6023.242327,-1.013773,1431.118652,38.597506,-109.554207
5,6023.242327,-1.013773,1431.118652,38.597506,-109.554207
5,10664.109698,0.672203,1381.297607,38.597281,-109.539755
5,6027.721199,-0.495661,1431.873535,38.597548,-109.554225
5,6027.721199,-0.495661,1431.873535,38.597548,-109.554225
5,10659.030582,0.79148,1381.516602,38.597324,-109.539772
5,6032.735612,-0.591785,1431.822388,38.597587,-109.554254
5,10653.732748,1.030435,1381.790405,38.597369,-109.539775
5,6037.850767,-0.740935,1432.463867,38.59763,-109.554271
5,10648.343595,1.146787,1381.84375,38.597411,-109.539755
5,6043.015146,-0.899848,1432.296143,38.597674,-109.55428
5,10643.622053,1.056345,1381.447021,38.597454,-109.539737
5,6048.116835,-0.984695,1431.939331,38.597719,-109.554282
5,10638.977259,0.814218,1381.342529,38.597498,-109.539738
5,6053.350258,-1.095462,1431.461426,38.597764,-109.554275
5,10633.991138,0.830282,1380.983276,38.597542,-109.53975
5,6058.584624,-1.150022,1430.261108,38.597805,-109.554251
5,10628.933306,0.872617,1381.295654,38.597587,-109.539757
5,6063.434822,-1.110609,1429.963013,38.597846,-109.55423
5,10623.947115,0.849332,1381.145752,38.597632,-109.539764
5,6068.124699,-0.973365,1429.56958,38.597891,-109.55422
5,10619.057242,0.733342,1380.959351,38.597675,-109.539778
5,6072.948159,-0.813039,1428.872437,38.597935,-109.554224
5,10614.211544,0.473704,1379.355835,38.597717,-109.5398
5,6077.756105,-0.559353,1427.895264,38.597977,-109.554245
5,10609.224195,0.53665,1378.723877,38.597755,-109.539831
5,6082.594135,0.13051,1427.233276,38.598006,-109.554288
5,6087.604254,0.153455,1426.125977,38.598025,-109.55434
5,6092.597308,0.130368,1425.718262,38.598046,-109.55439
5,10604.118278,0.629325,1378.170532,38.597797,-109.53985
5,6097.603404,0.133473,1425.329102,38.598067,-109.554441
5,10599.194487,0.518441,1378.184692,38.597837,-109.539875
5,6102.595112,0.126483,1424.85791,38.598089,-109.554492
5,6107.591192,0.075027,1424.708984,38.598111,-109.554542
5,10594.31036,0.171742,1378.566406,38.597873,-109.539911
5,6112.592841,0.072343,1424.779785,38.598134,-109.554591
5,10589.332571,-0.067858,1379.380127,38.5979,-109.539957
5,6117.589598,0.070213,1424.748535,38.598157,-109.55464
5,10584.319451,-0.111691,1380.264038,38.597921,-109.540007
5,6122.5903,-0.011017,1425.078125,38.598182,-109.554688
5,10579.322569,-0.062499,1380.278687,38.597944,-109.540056
5,6127.594273,-0.120058,1424.852295,38.59821,-109.554732
5,10574.330874,0.022962,1380.009644,38.597969,-109.540104
5,6132.587258,0.088657,1425.520996,38.598236,-109.554779
5,10569.284528,0.35015,1379.605713,38.598002,-109.540143
5,6137.586113,-0.034423,1426.995239,38.59826,-109.554828
5,10564.272073,0.356576,1379.214722,38.598038,-109.540178
5,6142.622068,-0.299474,1427.619751,38.598292,-109.554868
5,10559.293156,0.279316,1378.822021,38.598072,-109.540215
5,6147.67833,-0.507797,1428.373047,38.598328,-109.554902
5,10554.32685,0.102137,1378.435181,38.598104,-109.540256
5,6153.074549,-0.96237,1427.905518,38.598371,-109.554917
5,10549.330003,-0.054294,1377.983887,38.598129,-109.540303
5,10544.303952,-0.28624,1377.789063,38.598148,-109.540355
5,10539.245067,-0.46593,1377.506104,38.598159,-109.54041
5,6158.056888,-0.9343,1427.503052,38.598416,-109.554916
5,10534.268681,-0.328382,1377.67334,38.59817,-109.540466
5,10529.330981,0.152824,1377.371216,38.598194,-109.540514
5,6163.230435,-1.041734,1426.850586,38.598461,-109.554912
5,10524.130864,0.681293,1376.164795,38.598232,-109.540544
5,6168.474016,-1.134092,1425.752197,38.598504,-109.554897
5,10519.112364,0.6842,1375.66626,38.598274,-109.540562
5,6173.462027,-1.129598,1424.702515,38.598546,-109.554876
5,10515.932571,0.691115,1375.403198,38.598301,-109.540574
5,6178.421781,-1.118959,1424.496338,38.598588,-109.554857
5,10510.69946,0.922753,1375.250244,38.598346,-109.540584
5,10506.682167,0.962642,1375.228882,38.598381,-109.540585
5,6183.350329,-1.089066,1424.53125,38.598632,-109.554841
5,10501.385867,1.101885,1375.208862,38.598426,-109.540575
5,6188.127024,-0.970215,1424.729248,38.598676,-109.554833
5,10496.117751,1.159056,1375.717529,38.598468,-109.540554
5,6193.107152,-0.984406,1424.829834,38.598721,-109.554832
5,10491.054436,1.160544,1376.458008,38.598506,-109.540524
5,6198.317225,-1.0838,1425.675293,38.598765,-109.554822
5,6217.873112,0.726923,1429.062622,38.598775,-109.55497
5,6222.66992,0.393302,1431.067383,38.598781,-109.555026
5,6242.779969,0.639728,1435.97998,38.598789,-109.555251
5,6247.769021,0.632848,1437.028564,38.59879,-109.555308
5,6237.82438,0.699346,1435.259277,38.598789,-109.555194
5,6252.739877,0.560275,1437.917236,38.598792,-109.555366
5,6213.229169,1.027856,1427.342041,38.598786,-109.554915
5,6232.973235,0.868156,1434.023682,38.598794,-109.555137
5,10486.058799,1.159135,1377.646973,38.598543,-109.540492
5,6227.619321,0.341317,1432.936523,38.598797,-109.55508
5,6257.599529,-0.210796,1438.225342,38.598815,-109.555414
5,6208.059458,0.958297,1426.988525,38.59881,-109.554866
5,6208.059458,0.958297,1426.988525,38.59881,-109.554866
5,6203.0973,-0.796796,1426.581055,38.598809,-109.554813
5,6203.0973,-0.796796,1426.581055,38.598809,-109.554813
5,10481.043288,1.162619,1378.407227,38.598581,-109.540461
5,6262.601757,-0.178743,1438.411377,38.598847,-109.555453
5,10475.938487,1.159748,1378.510498,38.598617,-109.540427
5,6267.586542,-0.032058,1438.493652,38.598876,-109.555498
5,6272.631236,0.364668,1438.616699,38.598894,-109.55555
5,6277.751934,0.608585,1438.395752,38.598898,-109.555607
5,6292.800265,0.673932,1441.946045,38.598902,-109.555779
5,6297.7312,0.535893,1442.470215,38.598903,-109.555836
5,6282.754429,0.612303,1439.290894,38.5989,-109.555664
5,6287.780537,0.645477,1440.57666,38.598902,-109.555722
5,10470.93882,1.160309,1378.108521,38.598653,-109.540391
5,6302.559884,-0.322922,1442.759033,38.598924,-109.555885
5,10465.939153,1.16087,1377.764893,38.598688,-109.540355
5,6308.194068,-1.035131,1442.19397,38.598968,-109.555892
5,10460.955938,1.163545,1377.604248,38.598723,-109.540319
5,6313.796797,-1.163292,1441.867432,38.59901,-109.555872
5,10456.133976,1.15909,1378.099854,38.59876,-109.540288
5,6319.037468,-1.121764,1441.318481,38.599042,-109.555832
5,10451.377044,1.108248,1378.592285,38.598801,-109.540265
5,6324.097641,-1.108561,1440.757813,38.59907,-109.555786
5,6329.064576,-1.118226,1439.957031,38.599098,-109.555741
5,10446.590041,1.013828,1378.845947,38.598845,-109.540253
5,6334.048191,-1.123472,1439.221069,38.599126,-109.555697
5,10441.797156,0.854633,1378.140625,38.59889,-109.540255
5,6339.031641,-1.125033,1437.776123,38.599156,-109.555654
5,6344.037156,-1.121991,1436.568115,38.599185,-109.55561
5,10436.878977,0.778098,1377.635498,38.598935,-109.540266
5,6349.089795,-1.114965,1434.562256,38.599214,-109.555566
5,10432.021955,0.570805,1377.375366,38.598977,-109.540286
5,6354.184115,-1.072144,1432.473755,38.59924,-109.555519
5,6359.081298,-1.10826,1431.171265,38.599265,-109.555472
5,10427.016573,0.611071,1376.98938,38.599017,-109.540312
5,6363.880491,-1.15537,1431.557373,38.599296,-109.555431
5,10421.902029,0.769297,1376.287842,38.59906,-109.540329
5,6368.880645,-1.155577,1432.796997,38.59933,-109.555392
5,10416.977723,0.657445,1376.258667,38.599103,-109.540346
5,6373.878748,-1.150775,1434.046997,38.599364,-109.555354
5,6378.878055,-1.15109,1434.935913,38.599397,-109.555316
5,10412.031956,0.5675,1376.690796,38.599144,-109.540369
5,6383.7501,-1.157326,1435.866943,38.599432,-109.555279
5,10407.12948,0.360834,1377.737305,38.599181,-109.540401
5,10402.172413,0.219282,1377.950073,38.599215,-109.540439
5,6388.338013,-1.090798,1437.31543,38.599473,-109.555258
5,10397.164435,0.248505,1378.865479,38.599247,-109.540479
5,6393.259169,-1.05808,1437.277466,38.599517,-109.555246
5,10392.17304,0.205595,1379.508301,38.59928,-109.540519
5,6398.220483,-1.037499,1436.594727,38.599562,-109.555237
5,10387.17878,0.178651,1380.070313,38.599311,-109.54056
5,10382.181598,0.144685,1381.406006,38.599342,-109.540602
5,6403.170147,-1.024289,1435.825195,38.599606,-109.555231
5,10377.191145,0.088727,1382.650513,38.59937,-109.540646
5,10372.193466,0.086762,1384.031006,38.599399,-109.540691
5,6408.708794,-1.165291,1434.283691,38.599649,-109.555213
5,10367.191294,0.096108,1384.994019,38.599427,-109.540736
5,6413.895581,-1.152234,1433.655518,38.599682,-109.555175
5,10362.190189,0.094606,1385.389771,38.599456,-109.54078
5,6418.89538,-1.154041,1432.82666,38.599716,-109.555137
5,10357.195176,0.071799,1386.362061,38.599484,-109.540825
5,6423.491062,-1.121062,1432.100586,38.599753,-109.555105
5,6423.491062,-1.121062,1432.100586,38.599753,-109.555105
5,10352.192707,0.051805,1386.418823,38.599511,-109.54087
5,10347.199789,0.032641,1386.561523,38.599538,-109.540916
5,6427.996021,-0.886088,1431.383301,38.599797,-109.5551
5,6427.996021,-0.886088,1431.383301,38.599797,-109.5551
5,10342.19931,-0.051638,1386.038696,38.599563,-109.540964
5,10337.194837,-0.076601,1385.34082,38.599587,-109.541013
5,6432.638386,-0.330737,1430.881104,38.599837,-109.555123
5,6432.638386,-0.330737,1430.881104,38.599837,-109.555123
5,10332.185578,-0.176487,1385.056885,38.599608,-109.541064
5,10327.181512,-0.189257,1384.999146,38.599627,-109.541115
5,6437.592827,-0.171623,1430.551514,38.59987,-109.555163
5,6437.592827,-0.171623,1430.551514,38.59987,-109.555163
5,10322.181891,-0.215811,1385.046265,38.599646,-109.541168
5,6442.576394,0.097718,1430.392456,38.599894,-109.555211
5,6442.576394,0.097718,1430.392456,38.599894,-109.555211
5,10317.176247,-0.242467,1385.433472,38.599663,-109.54122
5,6447.585099,0.123059,1429.603027,38.599916,-109.555262
5,6447.585099,0.123059,1429.603027,38.599916,-109.555262
5,10312.179605,-0.203706,1385.950684,38.599681,-109.541273
5,10307.189119,-0.189058,1386.149902,38.5997,-109.541325
5,6452.785616,-0.777739,1429.09668,38.599949,-109.555297
5,6452.785616,-0.777739,1429.09668,38.599949,-109.555297
5,10302.191799,-0.169249,1386.301147,38.599721,-109.541376
5,10297.18492,-0.167048,1386.374512,38.599739,-109.541428
5,6458.642784,-1.162557,1427.510254,38.599992,-109.555284
5,6458.642784,-1.162557,1427.510254,38.599992,-109.555284
5,10292.207381,0.017795,1386.196533,38.599764,-109.541476
5,10287.205946,0.01671,1385.897949,38.59979,-109.541523
5,6463.721362,-1.15771,1426.820679,38.600029,-109.555251
5,10282.203865,0.106677,1385.679932,38.599818,-109.541568
5,6468.764806,-1.161892,1425.740234,38.600067,-109.555221
5,10277.199263,0.11162,1385.62854,38.599847,-109.541612
5,6473.807104,-1.163924,1425.895752,38.600103,-109.555186
5,10272.200719,0.114183,1385.835327,38.599876,-109.541656
5,10267.196386,0.162103,1385.684326,38.599906,-109.541699
5,6478.838834,-1.158467,1424.986328,38.600138,-109.55515
5,10262.198272,0.171929,1385.447021,38.599937,-109.541741
5,6483.928144,-1.145982,1423.768066,38.600172,-109.555112
5,10257.200197,0.177373,1385.281372,38.599968,-109.541783
5,6489.349508,-0.999661,1422.963989,38.600199,-109.555067
5,6494.501919,-0.878931,1422.082031,38.600215,-109.555013
5,6499.491409,-0.880241,1420.674561,38.600226,-109.554958
5,10252.159637,0.347366,1385.306885,38.600001,-109.541821
5,6504.481797,-0.884558,1418.784424,38.600237,-109.554902
5,6509.422408,-0.924966,1417.854492,38.600249,-109.554847
5,10247.149022,0.373394,1385.265259,38.600037,-109.541855
5,6513.971283,-1.136568,1419.228271,38.600272,-109.554798
5,6513.971283,-1.136568,1419.228271,38.600272,-109.554798
5,10242.148427,0.375307,1385.057983,38.600073,-109.54189
5,6518.5562,-1.147146,1419.129395,38.600307,-109.554762
5,6518.5562,-1.147146,1419.129395,38.600307,-109.554762
5,10237.146381,0.389032,1384.768066,38.60011,-109.541923
5,6523.333136,-1.093162,1419.97522,38.600349,-109.554743
5,10232.14722,0.39129,1384.283325,38.600146,-109.541957
5,6528.088269,-0.955091,1420.198486,38.600394,-109.554738
5,10227.131957,0.425793,1383.677002,38.600183,-109.54199
5,10222.126543,0.434643,1383.007813,38.600221,-109.542021
5,6533.019457,-0.926488,1419.719238,38.600439,-109.55474
5,10217.112143,0.478234,1382.547729,38.600259,-109.542052
5,6538.145554,-0.997556,1418.276123,38.600484,-109.554737
5,10212.058243,0.579235,1382.214233,38.600299,-109.542078
5,6542.989537,-0.878378,1417.311768,38.600529,-109.554738
5,10207.03399,0.639816,1381.507202,38.60034,-109.542101
5,6547.674063,-0.372787,1416.669922,38.600571,-109.554756
5,6552.575578,0.182023,1415.36792,38.600595,-109.554804
5,10201.921923,0.768822,1381.82312,38.600384,-109.542116
5,6557.583711,0.157081,1413.406494,38.600614,-109.554856
5,6562.576409,-0.121191,1413.530762,38.600641,-109.554902
5,10196.936132,0.758617,1382.247192,38.600427,-109.54213
5,6567.745527,-0.679134,1413.11499,38.600678,-109.554933
5,6567.745527,-0.679134,1413.11499,38.600678,-109.554933
5,10191.955466,0.735375,1382.244751,38.600471,-109.542146
5,6573.658561,-1.163061,1412.018311,38.600721,-109.554925
5,6573.658561,-1.163061,1412.018311,38.600721,-109.554925
5,10186.96,0.735296,1381.826904,38.600514,-109.542162
5,6579.115607,-1.098426,1411.236572,38.600752,-109.554884
5,6579.115607,-1.098426,1411.236572,38.600752,-109.554884
5,10181.97405,0.70057,1381.859863,38.600557,-109.542179
5,6583.926082,-1.144723,1410.34314,38.600781,-109.55484
5,6588.767876,-1.161718,1410.003906,38.600815,-109.554803
5,10177.001861,0.660896,1381.706299,38.600599,-109.542198
5,6593.670044,-1.161299,1409.859375,38.600852,-109.554771
5,10172.124185,0.462683,1381.261963,38.600639,-109.542225
5,6598.708315,-1.159623,1408.562378,38.60089,-109.55474
5,10167.029062,0.657672,1380.730957,38.60068,-109.542249
5,6603.442096,-1.122858,1407.390015,38.600929,-109.554712
5,10161.831554,0.871052,1379.908936,38.600724,-109.542262
5,6607.854403,-0.680188,1406.65918,38.600973,-109.554711
5,6607.854403,-0.680188,1406.65918,38.600973,-109.554711
5,10156.868828,0.831866,1378.947632,38.600768,-109.542269
5,6612.65719,-0.458047,1404.94397,38.601012,-109.554739
5,6612.65719,-0.458047,1404.94397,38.601012,-109.554739
5,10151.931677,0.756695,1377.840576,38.600812,-109.542282
5,6618.107254,-1.01986,1403.936279,38.601054,-109.554755
5,6618.107254,-1.01986,1403.936279,38.601054,-109.554755
5,10147.028808,0.640171,1376.896851,38.600854,-109.542302
1,3.918522,-1.172757,1409.947632,38.581896,-109.519244
1,4.821298,-1.146802,1409.855957,38.581903,-109.51924
1,8.949829,-1.131089,1409.550781,38.581937,-109.51922
1,9.782467,-1.142694,1409.49292,38.581944,-109.519216
1,9.782467,-1.142694,1409.49292,38.581944,-109.519216
1,13.939241,-1.14212,1409.473877,38.581978,-109.519197
1,13.939241,-1.14212,1409.473877,38.581978,-109.519197
1,14.78231,-1.140638,1409.492554,38.581985,-109.519193
1,14.78231,-1.140638,1409.492554,38.581985,-109.519193
1,18.937585,-1.131264,1409.609863,38.582019,-109.519174
1,18.937585,-1.131264,1409.609863,38.582019,-109.519174
1,19.781175,-1.139097,1409.609863,38.582026,-109.51917
1,19.781175,-1.139097,1409.609863,38.582026,-109.51917
1,23.906303,-1.126323,1409.815674,38.582061,-109.519151
1,23.906303,-1.126323,1409.815674,38.582061,-109.519151
1,24.75093,-1.13888,1409.885742,38.582068,-109.519147
1,24.75093,-1.13888,1409.885742,38.582068,-109.519147
1,28.897566,-1.12885,1410.123291,38.582103,-109.519129
1,28.897566,-1.12885,1410.123291,38.582103,-109.519129
1,29.736827,-1.131686,1410.19165,38.58211,-109.519126
1,29.736827,-1.131686,1410.19165,38.58211,-109.519126
1,33.824732,-1.093875,1410.519287,38.582145,-109.519109
1,33.824732,-1.093875,1410.519287,38.582145,-109.519109
1,34.666906,-1.11238,1410.464844,38.582152,-109.519106
1,34.666906,-1.11238,1410.464844,38.582152,-109.519106
1,38.966057,-1.201829,1410.770142,38.582187,-109.519089
1,39.969508,-1.159721,1410.758057,38.582194,-109.519085
1,44.818248,-1.007108,1411.57019,38.58222,-109.519051
1,45.80033,-0.889213,1411.518311,38.582223,-109.519042
1,50.051029,-0.75282,1411.64209,38.582228,-109.518995
1,50.051029,-0.75282,1411.64209,38.582228,-109.518995
1,50.853298,-0.779836,1411.734375,38.582229,-109.518985
1,50.853298,-0.779836,1411.734375,38.582229,-109.518985
1,54.832907,-0.950379,1412.035767,38.582238,-109.518939
1,54.832907,-0.950379,1412.035767,38.582238,-109.518939
1,55.638485,-0.969292,1412.265137,38.58224,-109.51893
1,55.638485,-0.969292,1412.265137,38.58224,-109.51893
1,59.359569,-1.144571,1412.99353,38.582259,-109.51889
1,59.359569,-1.144571,1412.99353,38.582259,-109.51889
1,60.118233,-1.157602,1413.053467,38.582265,-109.518883
1,60.118233,-1.157602,1413.053467,38.582265,-109.518883
1,64.13213,-1.161573,1412.854492,38.582295,-109.518855
1,64.13213,-1.161573,1412.854492,38.582295,-109.518855
1,64.94178,-1.158798,1412.845215,38.582301,-109.51885
1,64.94178,-1.158798,1412.845215,38.582301,-109.51885
1,68.8076,-1.095615,1412.989258,38.582335,-109.51883
1,68.8076,-1.095615,1412.989258,38.582335,-109.51883
1,69.576034,-1.062519,1413.230347,38.582342,-109.518828
1,69.576034,-1.062519,1413.230347,38.582342,-109.518828
1,73.488579,-0.94332,1413.576782,38.58238,-109.518825
1,74.326908,-0.941335,1413.524292,38.582387,-109.518825
1,78.473277,-0.9279,1413.649536,38.582425,-109.518827
1,79.302791,-0.928395,1413.551025,38.582432,-109.518827
1,83.458133,-0.91861,1412.99585,38.58247,-109.51883
1,84.295205,-0.918171,1413.034546,38.582477,-109.51883
1,88.515694,-0.969589,1413.21582,38.582515,-109.518832
1,89.377217,-0.992892,1413.253662,38.582522,-109.518831
1,93.866072,-1.13415,1413.776123,38.582559,-109.518823
1,95.095253,-1.167481,1413.856812,38.582566,-109.518818
1,99.327467,-1.150219,1414.409302,38.582592,-109.518784
1,100.147154,-1.153167,1414.641235,38.582598,-109.518778
1,104.334509,-1.151005,1414.984985,38.582625,-109.518746
1,105.170688,-1.148495,1414.938965,38.582631,-109.518739
1,108.871739,-1.073247,1415.02832,38.582661,-109.518712
1,109.600623,-1.062018,1415.054932,38.582669,-109.518709
1,113.486293,-0.931018,1414.81604,38.582706,-109.518708
1,114.286807,-0.906508,1414.901123,38.582713,-109.518708
1,118.417879,-0.870543,1415.001099,38.582751,-109.518713
1,118.417879,-0.870543,1415.001099,38.582751,-109.518713
1,119.230496,-0.850656,1415.016357,38.582758,-109.518714
1,119.230496,-0.850656,1415.016357,38.582758,-109.518714
1,123.214466,-0.644159,1414.397949,38.582794,-109.518729
1,123.214466,-0.644159,1414.397949,38.582794,-109.518729
1,124.044276,-0.634028,1414.381592,38.582801,-109.518732
1,124.044276,-0.634028,1414.381592,38.582801,-109.518732
1,128.200871,-0.625952,1414.124634,38.582836,-109.51875
1,128.200871,-0.625952,1414.124634,38.582836,-109.51875
1,129.028678,-0.631274,1414.034912,38.582843,-109.518754
1,129.028678,-0.631274,1414.034912,38.582843,-109.518754
1,133.071706,-0.297575,1413.649658,38.582874,-109.518779
1,133.071706,-0.297575,1413.649658,38.582874,-109.518779
1,133.395415,-0.259977,1413.649658,38.582877,-109.518781
1,133.395415,-0.259977,1413.649658,38.582877,-109.518781
1,138.021922,-0.091224,1412.960938,38.582904,-109.518822
1,138.021922,-0.091224,1412.960938,38.582904,-109.518822
1,138.346849,-0.087532,1412.960938,38.582906,-109.518824
1,138.346849,-0.087532,1412.960938,38.582906,-109.518824
1,143.015179,-0.060257,1412.149658,38.582932,-109.518867
1,143.015179,-0.060257,1412.149658,38.582932,-109.518867
1,143.342859,-0.05627,1412.149658,38.582934,-109.51887
1,143.342859,-0.05627,1412.149658,38.582934,-109.51887
1,148.01638,-0.022346,1411.350708,38.582959,-109.518913
1,148.01638,-0.022346,1411.350708,38.582959,-109.518913
1,148.340097,-0.024517,1411.350708,38.58296,-109.518916
1,148.340097,-0.024517,1411.350708,38.58296,-109.518916
1,153.018644,-0.034704,1411.102051,38.582985,-109.518959
1,153.018644,-0.034704,1411.102051,38.582985,-109.518959
1,153.345544,-0.03903,1411.102051,38.582987,-109.518963
1,153.345544,-0.03903,1411.102051,38.582987,-109.518963
1,158.057029,-0.367462,1410.381958,38.583017,-109.519
1,158.057029,-0.367462,1410.381958,38.583017,-109.519
1,158.392451,-0.389718,1410.381958,38.583019,-109.519002
1,158.392451,-0.389718,1410.381958,38.583019,-109.519002
1,163.479685,-0.984598,1409.843994,38.583059,-109.519017
1,163.479685,-0.984598,1409.843994,38.583059,-109.519017
1,163.90856,-1.049541,1409.843994,38.583061,-109.519016
1,163.90856,-1.049541,1409.843994,38.583061,-109.519016
1,194.988112,-0.806451,1411.467285,38.583068,-109.518692
1,195.275226,-0.839258,1411.467285,38.583068,-109.518688
1,190.557638,-0.49988,1410.962402,38.583071,-109.518745
1,190.231032,-0.499716,1410.896973,38.583072,-109.518749
1,180.097479,-0.692408,1410.815674,38.583075,-109.518863
1,180.409311,-0.712058,1410.939941,38.583075,-109.518859
1,185.52113,-0.580974,1411.235596,38.583077,-109.518802
1,185.189988,-0.595833,1411.21167,38.583077,-109.518806
1,175.547434,-0.501954,1410.265259,38.583079,-109.518916
1,175.220085,-0.491303,1410.241089,38.583079,-109.51892
1,170.171461,-0.66505,1410.305908,38.583085,-109.518977
1,170.171461,-0.66505,1410.305908,38.583085,-109.518977
1,170.526861,-0.628388,1410.341919,38.583085,-109.518973
1,170.526861,-0.628388,1410.341919,38.583085,-109.518973
1,199.642801,-1.049864,1412.493164,38.583082,-109.518638
1,199.865625,-1.078507,1412.493164,38.583083,-109.518634
1,203.981799,-1.139419,1412.818115,38.583117,-109.518603
1,204.309358,-1.142914,1412.818115,38.583119,-109.518602
1,207.718419,-1.030682,1412.721436,38.583152,-109.518592
1,207.718419,-1.030682,1412.721436,38.583152,-109.518592
1,208.619762,-1.016737,1412.674561,38.58316,-109.518591
1,208.619762,-1.016737,1412.674561,38.58316,-109.518591
1,212.675447,-1.004737,1411.892822,38.583197,-109.518587
1,213.604604,-1.009523,1411.487061,38.583205,-109.518586
1,217.67628,-1.009139,1410.428955,38.583242,-109.518582
1,217.67628,-1.009139,1410.428955,38.583242,-109.518582
1,218.603641,-1.005314,1410.191772,38.58325,-109.518582
1,218.603641,-1.005314,1410.191772,38.58325,-109.518582
1,222.679005,-1.016493,1410.542847,38.583287,-109.518578
1,222.679005,-1.016493,1410.542847,38.583287,-109.518578
1,223.621315,-1.017452,1410.72168,38.583295,-109.518577
1,223.621315,-1.017452,1410.72168,38.583295,-109.518577
1,227.772555,-1.057977,1411.702881,38.583331,-109.51857
1,227.772555,-1.057977,1411.702881,38.583331,-109.51857
1,228.692918,-1.055099,1411.86731,38.58334,-109.518568
1,228.692918,-1.055099,1411.86731,38.58334,-109.518568
1,232.796935,-1.071823,1412.534912,38.583376,-109.51856
1,233.751449,-1.083422,1412.522583,38.583384,-109.518557
1,237.827884,-1.079693,1412.916748,38.583419,-109.518546
1,238.728366,-1.057791,1412.851807,38.583428,-109.518544
1,242.578891,-0.939045,1412.764526,38.583464,-109.518543
1,243.507242,-0.939402,1412.797974,38.583473,-109.518543
1,247.563168,-0.930022,1413.110962,38.583509,-109.518545
1,248.491966,-0.928876,1413.095947,38.583518,-109.518545
1,252.470241,-0.848874,1413.28772,38.583554,-109.51855
1,253.397771,-0.839867,1413.383545,38.583562,-109.518552
1,257.413264,-0.79867,1413.231689,38.583598,-109.518561
1,258.340341,-0.799212,1413.02417,38.583606,-109.518563
1,262.410209,-0.788055,1413.497559,38.583642,-109.518573
1,263.32918,-0.788125,1413.430054,38.58365,-109.518575
1,267.321348,-0.655769,1413.823608,38.583686,-109.518588
1,268.190442,-0.57091,1414.10498,38.583693,-109.518593
1,272.139048,-0.236581,1414.066406,38.583723,-109.51862
1,272.139048,-0.236581,1414.066406,38.583723,-109.51862
1,273.03875,-0.115032,1413.824341,38.583728,-109.518629
1,273.03875,-0.115032,1413.824341,38.583728,-109.518629
1,277.10341,0.106223,1413.330933,38.583747,-109.518668
1,277.10341,0.106223,1413.330933,38.583747,-109.518668
1,278.032468,0.11366,1413.178955,38.583751,-109.518677
1,278.032468,0.11366,1413.178955,38.583751,-109.518677
1,282.098152,0.105568,1412.937744,38.583769,-109.518718
1,282.098152,0.105568,1412.937744,38.583769,-109.518718
1,283.028171,0.087479,1412.83252,38.583773,-109.518727
1,283.028171,0.087479,1412.83252,38.583773,-109.518727
1,287.095789,-0.02228,1412.352295,38.583794,-109.518766
1,287.095789,-0.02228,1412.352295,38.583794,-109.518766
1,288.027858,-0.001903,1412.317261,38.583799,-109.518775
1,288.027858,-0.001903,1412.317261,38.583799,-109.518775
1,292.138614,-0.387425,1412.041382,38.583825,-109.518807
1,292.138614,-0.387425,1412.041382,38.583825,-109.518807
1,293.111111,-0.438931,1411.91687,38.583832,-109.518813
1,293.111111,-0.438931,1411.91687,38.583832,-109.518813
1,297.254561,-0.648882,1411.428223,38.583865,-109.518834
1,297.254561,-0.648882,1411.428223,38.583865,-109.518834
1,298.232042,-0.69141,1411.330566,38.583872,-109.518838
1,298.232042,-0.69141,1411.330566,38.583872,-109.518838
1,302.354044,-0.731217,1410.617065,38.583908,-109.518851
1,302.354044,-0.731217,1410.617065,38.583908,-109.518851
1,303.282014,-0.732381,1410.617065,38.583916,-109.518854
1,307.35463,-0.734524,1409.674561,38.583951,-109.518867
1,308.28556,-0.741418,1409.512939,38.583959,-109.51887
1,312.481947,-0.869836,1409.459595,38.583995,-109.518879
1,313.429732,-0.886252,1409.681396,38.584003,-109.51888
1,317.563321,-0.934957,1410.832275,38.58404,-109.518883
1,318.520949,-0.964138,1410.901489,38.584048,-109.518883
1,322.706449,-1.020142,1410.381714,38.584085,-109.518879
1,323.634931,-1.023027,1410.174561,38.584093,-109.518878
1,327.715079,-1.030552,1409.971436,38.584129,-109.518872
1,328.64247,-1.025878,1409.912109,38.584138,-109.518871
1,332.770497,-1.059659,1409.405151,38.584174,-109.518864
1,333.718176,-1.061797,1409.290527,38.584182,-109.518862
1,337.801788,-1.067127,1408.422485,38.584218,-109.518853
1,338.729255,-1.065079,1408.336914,38.584226,-109.518851
1,342.79936,-1.068946,1408.651855,38.584262,-109.518841
1,343.726843,-1.069106,1408.735229,38.58427,-109.518839
1,347.798817,-1.067687,1408.575684,38.584306,-109.51883
1,348.726282,-1.067748,1408.376831,38.584315,-109.518828
1,352.712643,-1.014235,1408.202148,38.584351,-109.518821
1,353.559976,-0.961611,1408.311768,38.584359,-109.51882
1,357.55933,-0.928988,1408.966797,38.584396,-109.518822
1,358.486941,-0.932193,1409.136963,38.584404,-109.518823
1,362.551528,-0.920588,1409.539429,38.584441,-109.518825
1,363.479612,-0.922678,1409.645752,38.584449,-109.518825
1,367.588274,-0.949188,1410.117432,38.584486,-109.518827
1,367.588274,-0.949188,1410.117432,38.584486,-109.518827
1,368.544597,-0.977092,1410.375977,38.584494,-109.518827
1,368.544597,-0.977092,1410.375977,38.584494,-109.518827
1,372.784144,-1.067838,1411.248169,38.584531,-109.518822
1,372.784144,-1.067838,1411.248169,38.584531,-109.518822
1,373.744769,-1.079895,1411.528564,38.584539,-109.518819
1,373.744769,-1.079895,1411.528564,38.584539,-109.518819
1,378.239497,-1.161564,1412.360596,38.584572,-109.518801
1,378.239497,-1.161564,1412.360596,38.584572,-109.518801
1,379.213154,-1.167549,1412.643799,38.584579,-109.518795
1,379.213154,-1.167549,1412.643799,38.584579,-109.518795
1,383.287904,-1.161216,1413.416138,38.584608,-109.518766
1,383.287904,-1.161216,1413.416138,38.584608,-109.518766
1,384.183223,-1.157867,1413.442627,38.584615,-109.51876
1,384.183223,-1.157867,1413.442627,38.584615,-109.51876
1,388.099191,-1.148605,1414.358521,38.584647,-109.518737
1,388.099191,-1.148605,1414.358521,38.584647,-109.518737
1,389.027987,-1.14749,1414.525269,38.584654,-109.518732
1,389.027987,-1.14749,1414.525269,38.584654,-109.518732
1,393.236946,-1.165136,1415.57251,38.584686,-109.518709
1,393.236946,-1.165136,1415.57251,38.584686,-109.518709
1,394.162082,-1.158782,1415.788696,38.584693,-109.518703
1,394.162082,-1.158782,1415.788696,38.584693,-109.518703
1,398.244259,-1.161181,1416.712524,38.584723,-109.518677
1,398.244259,-1.161181,1416.712524,38.584723,-109.518677
1,399.175407,-1.164046,1416.919434,38.58473,-109.518671
1,399.175407,-1.164046,1416.919434,38.58473,-109.518671
1,403.245102,-1.16323,1417.354004,38.584761,-109.518645
1,403.245102,-1.16323,1417.354004,38.584761,-109.518645
1,404.171379,-1.158884,1417.457764,38.584768,-109.518639
1,404.171379,-1.158884,1417.457764,38.584768,-109.518639
1,408.150965,-1.149383,1417.933472,38.584798,-109.518614
1,408.150965,-1.149383,1417.933472,38.584798,-109.518614
1,409.006105,-1.145738,1417.87207,38.584806,-109.518609
1,409.006105,-1.145738,1417.87207,38.584806,-109.518609
1,412.916886,-1.107034,1418.091309,38.58484,-109.518592
1,412.916886,-1.107034,1418.091309,38.58484,-109.518592
1,413.748091,-1.067316,1418.009033,38.584848,-109.518589
1,413.748091,-1.067316,1418.009033,38.584848,-109.518589
1,417.55557,-0.899148,1418.751221,38.584885,-109.518587
1,417.55557,-0.899148,1418.751221,38.584885,-109.518587
1,418.432153,-0.866203,1419.012695,38.584893,-109.518588
1,418.432153,-0.866203,1419.012695,38.584893,-109.518588
1,422.449698,-0.825169,1419.421631,38.584929,-109.518596
1,422.449698,-0.825169,1419.421631,38.584929,-109.518596
1,423.362317,-0.805917,1419.685547,38.584937,-109.518598
1,423.362317,-0.805917,1419.685547,38.584937,-109.518598
1,427.338843,-0.706577,1420.285156,38.584973,-109.518611
1,427.338843,-0.706577,1420.285156,38.584973,-109.518611
1,428.267652,-0.710546,1420.400757,38.58498,-109.518614
1,428.267652,-0.710546,1420.400757,38.58498,-109.518614
1,432.402512,-0.796716,1420.862915,38.585016,-109.518626
1,433.353352,-0.821855,1421.051514,38.585024,-109.518628
1,437.663758,-1.00987,1421.762817,38.585061,-109.518629
1,438.623538,-1.027883,1421.804321,38.585069,-109.518628
1,442.852743,-1.085932,1422.139404,38.585105,-109.518618
1,443.765522,-1.069584,1422.15918,38.585113,-109.518615
1,447.694138,-1.00934,1421.711304,38.585149,-109.51861
1,448.616538,-1.012547,1421.423828,38.585158,-109.518609
1,452.697455,-1.018518,1421.397461,38.585194,-109.518604
1,453.628299,-1.020197,1421.107788,38.585202,-109.518603
1,457.718407,-1.027251,1421.187622,38.585239,-109.518598
1,458.649029,-1.026754,1420.916138,38.585247,-109.518597
1,458.649029,-1.026754,1420.916138,38.585247,-109.518597
1,462.721815,-1.033671,1420.554932,38.585284,-109.518591
1,462.721815,-1.033671,1420.554932,38.585284,-109.518591
1,463.651319,-1.030986,1420.741577,38.585292,-109.518589
1,463.651319,-1.030986,1420.741577,38.585292,-109.518589
1,467.72057,-1.028918,1420.635498,38.585328,-109.518584
1,467.72057,-1.028918,1420.635498,38.585328,-109.518584
3,2130.20933,0.670333,1385.49646,38.585568,-109.531986
3,2130.20933,0.670333,1385.49646,38.585568,-109.531986
3,2130.20933,0.670333,1385.49646,38.585568,-109.531986
3,2129.465,0.803212,1385.817993,38.585568,-109.531977
1,468.652261,-1.034754,1420.702393,38.585337,-109.518582
1,468.652261,-1.034754,1420.702393,38.585337,-109.518582
3,2134.094656,0.059455,1384.595337,38.585581,-109.53203
3,2134.094656,0.059455,1384.595337,38.585581,-109.53203
3,2134.094656,0.059455,1384.595337,38.585581,-109.53203
3,2125.677708,1.073997,1386.163574,38.585581,-109.531932
3,2134.917016,-0.03052,1384.241211,38.585585,-109.532038
3,2134.917016,-0.03052,1384.241211,38.585585,-109.532038
3,2134.917016,-0.03052,1384.241211,38.585585,-109.532038
3,2124.89956,1.105181,1386.157715,38.585585,-109.531924
1,472.657985,-0.986047,1420.695801,38.585373,-109.518578
1,472.657985,-0.986047,1420.695801,38.585373,-109.518578
3,2139.090589,-0.118545,1383.648193,38.585609,-109.532075
3,2139.929521,-0.136061,1383.644287,38.585614,-109.532082
1,473.531657,-0.956867,1420.695801,38.585381,-109.518577
1,473.531657,-0.956867,1420.695801,38.585381,-109.518577
3,2121.326348,1.127585,1386.668091,38.585614,-109.531895
3,2120.679038,1.069362,1386.668091,38.585621,-109.531893
3,2144.112331,-0.262503,1384.213623,38.585641,-109.532116
3,2144.959185,-0.284037,1384.088135,38.585647,-109.532122
1,477.403779,-0.7622,1420.342651,38.585418,-109.518584
1,477.403779,-0.7622,1420.342651,38.585418,-109.518584
1,477.403779,-0.7622,1420.342651,38.585418,-109.518584
1,478.277359,-0.686643,1420.342651,38.585425,-109.518587
1,478.277359,-0.686643,1420.342651,38.585425,-109.518587
1,478.277359,-0.686643,1420.342651,38.585425,-109.518587
3,2116.702126,0.997028,1386.504883,38.585659,-109.531892
3,2115.743259,1.058528,1386.504883,38.585666,-109.531891
3,2149.101786,-0.151888,1385.065308,38.585673,-109.532156
3,2149.101786,-0.151888,1385.065308,38.585673,-109.532156
3,2149.931844,-0.133915,1385.672729,38.585678,-109.532163
3,2149.931844,-0.133915,1385.672729,38.585678,-109.532163
1,482.056298,-0.021593,1420.088013,38.585454,-109.518613
1,482.056298,-0.021593,1420.088013,38.585454,-109.518613
1,482.956834,0.438051,1420.000244,38.585459,-109.518623
1,482.956834,0.438051,1420.000244,38.585459,-109.518623
3,2154.08662,-0.060782,1385.504883,38.585701,-109.5322
3,2154.08662,-0.060782,1385.504883,38.585701,-109.5322
3,2154.922152,-0.060507,1385.661865,38.585706,-109.532208
3,2154.922152,-0.060507,1385.661865,38.585706,-109.532208
3,2111.389978,1.124,1386.466064,38.585702,-109.531877
3,2110.558888,1.121599,1386.380127,38.585709,-109.531874
2,486.478437,-0.037338,1419.560913,38.58548,-109.51866
2,487.496582,-0.0368,1419.311646,38.585486,-109.518669
8,50002.466781,-1.152358,1419.875488,38.585487,-109.518596
3,2159.100795,-0.197287,1386.118286,38.585731,-109.532244
3,2159.935805,-0.263148,1386.291992,38.585737,-109.53225
2,491.479901,-0.043277,1418.709717,38.585507,-109.518706
2,492.496916,-0.050325,1418.545776,38.585513,-109.518715
3,2106.57873,1.050709,1386.112061,38.585745,-109.531862
3,2105.746921,1.047539,1385.977295,38.585753,-109.531861
8,50007.842323,-1.137907,1419.877808,38.585522,-109.518561
2,496.477655,-0.071745,1418.276367,38.585535,-109.518751
3,2164.455975,-0.891323,1386.489502,38.585771,-109.532267
2,497.496083,-0.07053,1418.273926,38.58554,-109.51876
3,2165.392339,-0.94852,1386.489502,38.585778,-109.532267
8,50013.094262,-1.047823,1419.870605,38.58555,-109.518516
2,501.475095,-0.072731,1418.144043,38.585563,-109.518796
3,2101.632469,1.022191,1385.811646,38.58579,-109.531855
2,502.493583,-0.071595,1418.057861,38.585568,-109.518806
3,2100.825891,1.009697,1385.704102,38.585798,-109.531854
8,50018.27361,-0.938934,1419.536133,38.585568,-109.518463
3,2169.604167,-0.97527,1386.153809,38.585816,-109.532266
8,50023.410615,-0.822877,1419.157471,38.585581,-109.518408
2,506.478778,-0.053295,1417.720703,38.58559,-109.518842
3,2170.45188,-0.976037,1386.153809,38.585823,-109.532266
2,507.489679,-0.056575,1417.542725,38.585596,-109.518851
8,50028.289228,-0.89141,1418.721436,38.585589,-109.518352
3,2096.664443,1.007577,1385.105957,38.585835,-109.531851
3,2096.664443,1.007577,1385.105957,38.585835,-109.531851
8,50033.215032,-0.978687,1418.592773,38.585604,-109.518298
2,511.475991,-0.049364,1416.855835,38.585617,-109.518888
3,2095.832249,1.010951,1385.026978,38.585842,-109.53185
3,2095.832249,1.010951,1385.026978,38.585842,-109.53185
2,512.492515,-0.049712,1416.551514,38.585623,-109.518897
3,2174.588543,-0.954621,1385.740845,38.585861,-109.532265
3,2174.588543,-0.954621,1385.740845,38.585861,-109.532265
8,50038.2103,-0.977256,1418.497437,38.585622,-109.518245
3,2175.424448,-0.952063,1385.740845,38.585868,-109.532265
3,2175.424448,-0.952063,1385.740845,38.585868,-109.532265
2,516.475852,-0.056108,1415.971436,38.585645,-109.518933
2,517.488869,-0.059648,1415.846802,38.58565,-109.518942
8,50043.214138,-0.978206,1417.818115,38.585639,-109.518192
3,2091.630946,1.022395,1384.709961,38.58588,-109.531844
3,2091.630946,1.022395,1384.709961,38.58588,-109.531844
3,2090.814806,1.015966,1384.583374,38.585887,-109.531843
3,2090.814806,1.015966,1384.583374,38.585887,-109.531843
8,50048.063163,-1.045603,1417.200806,38.585658,-109.51814
2,521.475475,-0.070475,1415.740967,38.585672,-109.518978
3,2179.578091,-0.952365,1385.169189,38.585906,-109.532265
3,2179.578091,-0.952365,1385.169189,38.585906,-109.532265
2,522.487052,-0.074464,1415.713379,38.585678,-109.518987
3,2180.412946,-0.950241,1385.169189,38.585913,-109.532265
3,2180.412946,-0.950241,1385.169189,38.585913,-109.532265
8,50052.994703,-1.087536,1416.258179,38.585682,-109.518091
2,526.472658,-0.109893,1415.629395,38.585701,-109.519023
3,2086.664182,1.003593,1384.478882,38.585925,-109.531839
3,2086.664182,1.003593,1384.478882,38.585925,-109.531839
2,527.489083,-0.14831,1415.625,38.585707,-109.519032
3,2085.854987,0.991292,1384.488892,38.585932,-109.531838
3,2085.854987,0.991292,1384.488892,38.585932,-109.531838
3,2184.541124,-0.91832,1384.275269,38.585951,-109.532267
3,2184.541124,-0.91832,1384.275269,38.585951,-109.532267
8,50057.803815,-1.14005,1416.110352,38.58571,-109.518047
3,2185.360375,-0.913509,1384.275269,38.585958,-109.532267
3,2185.360375,-0.913509,1384.275269,38.585958,-109.532267
2,531.488359,-0.195196,1415.757324,38.585732,-109.519065
2,532.4998,-0.194325,1415.665161,38.585738,-109.519073
3,2081.769826,0.938283,1384.452881,38.58597,-109.531838
3,2081.769826,0.938283,1384.452881,38.58597,-109.531838
3,2080.963347,0.903915,1384.483154,38.585977,-109.531839
3,2080.963347,0.903915,1384.483154,38.585977,-109.531839
2,536.476193,-0.140932,1415.827881,38.585762,-109.519107
8,50062.318372,-1.127029,1416.115479,38.585747,-109.518014
3,2189.531012,-0.919264,1383.767578,38.585996,-109.53227
3,2189.531012,-0.919264,1383.767578,38.585996,-109.53227
2,537.496041,-0.134989,1415.868896,38.585768,-109.519115
3,2190.367506,-0.914299,1383.767578,38.586003,-109.532271
3,2190.367506,-0.914299,1383.767578,38.586003,-109.532271
2,541.478293,-0.133432,1415.910767,38.585792,-109.51915
3,2077.106674,0.504661,1384.26123,38.586012,-109.531853
3,2077.106674,0.504661,1384.26123,38.586012,-109.531853
2,542.490994,-0.136224,1416.038452,38.585798,-109.519159
3,2076.3131,0.409253,1384.131592,38.586019,-109.531859
3,2076.3131,0.409253,1384.131592,38.586019,-109.531859
8,50067.25606,-1.118335,1416.009521,38.585789,-109.517996
3,2194.553514,-0.933656,1383.256714,38.586041,-109.532273
3,2194.553514,-0.933656,1383.256714,38.586041,-109.532273
3,2195.394204,-0.940406,1383.256714,38.586048,-109.532273
3,2195.394204,-0.940406,1383.256714,38.586048,-109.532273
2,546.473687,-0.136521,1416.241455,38.585822,-109.519193
3,2072.237051,0.186406,1384.106323,38.586045,-109.531892
3,2072.237051,0.186406,1384.106323,38.586045,-109.531892
2,547.492126,-0.132778,1416.173218,38.585828,-109.519202
3,2071.3955,0.249071,1384.330078,38.586051,-109.531899
3,2071.3955,0.249071,1384.330078,38.586051,-109.531899
2,551.470627,-0.105628,1415.998291,38.585851,-109.519236
2,551.470627,-0.105628,1415.998291,38.585851,-109.519236
8,50072.138757,-1.069568,1415.875244,38.585832,-109.517979
2,552.483939,-0.097199,1415.887817,38.585857,-109.519245
2,552.483939,-0.097199,1415.887817,38.585857,-109.519245
3,2199.580523,-0.967687,1382.803467,38.586086,-109.532274
3,2199.580523,-0.967687,1382.803467,38.586086,-109.532274
3,2067.083375,0.660171,1384.55127,38.586082,-109.531923
3,2067.083375,0.660171,1384.55127,38.586082,-109.531923
3,2200.439739,-0.97914,1382.803467,38.586093,-109.532273
3,2200.439739,-0.97914,1382.803467,38.586093,-109.532273
3,2066.179386,0.730682,1384.55127,38.58609,-109.531926
3,2066.179386,0.730682,1384.55127,38.58609,-109.531926
2,556.463498,-0.055593,1415.468018,38.585879,-109.519281
2,556.463498,-0.055593,1415.468018,38.585879,-109.519281
2,557.481659,-0.038789,1415.414551,38.585885,-109.519291
2,557.481659,-0.038789,1415.414551,38.585885,-109.519291
3,1949.859268,0.672841,1386.803955,38.586096,-109.530875
3,1950.144683,0.633633,1386.872681,38.586097,-109.530879
8,50076.878778,-0.921273,1414.619141,38.585877,-109.517979
3,1954.649591,0.377502,1386.980225,38.586106,-109.530932
3,1954.984631,0.377005,1387.07605,38.586106,-109.530935
2,561.461336,-0.025898,1414.959717,38.585906,-109.519328
2,561.461336,-0.025898,1414.959717,38.585906,-109.519328
3,2204.630192,-0.986697,1382.158081,38.586131,-109.532271
3,2204.630192,-0.986697,1382.158081,38.586131,-109.532271
3,2061.77048,0.941383,1384.469727,38.586127,-109.531932
3,2061.77048,0.941383,1384.469727,38.586127,-109.531932
3,1945.565767,1.032366,1386.066284,38.586108,-109.530825
3,1945.252555,1.03985,1386.066284,38.586109,-109.530822
2,562.480642,-0.023571,1414.803223,38.585911,-109.519337
2,562.480642,-0.023571,1414.803223,38.585911,-109.519337
3,1959.676946,0.478001,1386.866699,38.586116,-109.530987
3,2205.465004,-0.990025,1382.158081,38.586138,-109.532271
3,2205.465004,-0.990025,1382.158081,38.586138,-109.532271
3,1960.024786,0.48418,1386.850098,38.586117,-109.530991
3,2060.90488,0.957394,1384.469727,38.586134,-109.531932
3,2060.90488,0.957394,1384.469727,38.586134,-109.531932
3,1964.710389,0.518409,1386.661011,38.586123,-109.531044
3,1965.044907,0.518309,1386.494751,38.586123,-109.531048
3,1969.710465,0.518291,1385.87207,38.586129,-109.531101
3,1970.044995,0.518092,1385.87207,38.58613,-109.531105
3,1974.698947,0.504582,1385.307617,38.586136,-109.531158
3,1975.033975,0.505325,1385.307617,38.586136,-109.531161
2,566.463597,-0.076864,1414.308472,38.585933,-109.519374
2,566.463597,-0.076864,1414.308472,38.585933,-109.519374
3,1940.47087,1.014079,1384.978516,38.586131,-109.530776
3,1940.133624,1.003441,1384.978516,38.586132,-109.530772
3,1979.69888,0.502288,1385.772217,38.586143,-109.531214
3,1859.7777,0.607707,1389.035645,38.586121,-109.529915
3,1860.093932,0.599526,1389.035645,38.586121,-109.529918
3,1980.034215,0.50176,1385.772217,38.586143,-109.531218
2,567.482003,-0.08303,1414.118774,38.585938,-109.519383
2,567.482003,-0.08303,1414.118774,38.585938,-109.519383
3,1864.731475,0.543607,1389.124512,38.586125,-109.529972
3,1855.377609,0.900066,1388.551514,38.586123,-109.529861
3,1865.065606,0.534026,1389.124512,38.586126,-109.529975
3,1855.096554,0.92313,1388.551514,38.586124,-109.529858
3,1984.70156,0.502533,1387.147095,38.58615,-109.531271
3,1914.772997,0.613232,1385.129395,38.586137,-109.530494
3,1915.096648,0.592073,1385.141113,38.586137,-109.530498
3,1985.036896,0.502005,1387.147095,38.58615,-109.531275
8,50081.872417,-0.926232,1413.848999,38.585922,-109.517982
3,1910.3707,0.90559,1385.280273,38.586141,-109.530441
3,1989.719657,0.571153,1388.485352,38.586156,-109.531328
3,1990.073948,0.577468,1388.485352,38.586156,-109.531332
3,1910.05206,0.919176,1385.34314,38.586141,-109.530438
3,1935.345441,0.898063,1384.131592,38.586147,-109.530722
3,1994.757466,0.61138,1389.473145,38.586159,-109.531385
3,1995.089098,0.610591,1389.473145,38.586159,-109.531389
3,1934.981068,0.889921,1384.034424,38.586148,-109.530718
3,1999.756724,0.610871,1389.931641,38.586161,-109.531442
3,2000.088224,0.611179,1389.931641,38.586161,-109.531446
3,1869.624218,0.269935,1388.453247,38.586137,-109.530027
3,2209.661189,-1.008811,1381.529541,38.586176,-109.532267
3,2209.661189,-1.008811,1381.529541,38.586176,-109.532267
3,1869.954929,0.263301,1388.453247,38.586138,-109.53003
3,1919.632676,0.33405,1385.11145,38.586147,-109.53055
3,2004.729947,0.558625,1389.92627,38.586164,-109.5315
3,2056.659816,1.014733,1384.302734,38.586172,-109.53193
3,2005.063959,0.542241,1389.92627,38.586164,-109.531503
3,1919.971608,0.333973,1385.145142,38.586148,-109.530553
2,571.463973,0.076049,1413.147949,38.585958,-109.519421
2,571.463973,0.076049,1413.147949,38.585958,-109.519421
3,2210.505143,-1.007794,1381.529541,38.586183,-109.532266
3,2210.505143,-1.007794,1381.529541,38.586183,-109.532266
3,1930.245751,0.822287,1384.46521,38.586157,-109.530666
3,2055.813585,1.015653,1384.302734,38.586179,-109.531929
3,1929.887241,0.812087,1384.46521,38.586157,-109.530662
2,572.477212,0.082588,1413.068604,38.585963,-109.519431
2,572.477212,0.082588,1413.068604,38.585963,-109.519431
3,1850.613255,1.064882,1387.50293,38.586143,-109.52981
3,2009.64318,0.368476,1389.222778,38.586175,-109.531555
3,1850.283843,1.061073,1387.518311,38.586145,-109.529807
3,1924.688052,0.496957,1385.032715,38.586159,-109.530605
3,2009.979057,0.367825,1389.222778,38.586176,-109.531559
3,1925.020943,0.518287,1385.032715,38.586159,-109.530609
3,1905.594491,1.05542,1385.654053,38.586159,-109.530389
3,1874.614402,0.245215,1388.016235,38.586154,-109.53008
3,1874.954292,0.240323,1387.946167,38.586155,-109.530084
3,1905.278603,1.05828,1385.654053,38.586161,-109.530386
3,2014.642789,0.362971,1388.563232,38.586187,-109.53161
3,2014.971901,0.356217,1388.563232,38.586188,-109.531614
2,576.463488,0.068118,1412.11084,38.585981,-109.51947
2,576.463488,0.068118,1412.11084,38.585981,-109.51947
2,577.475906,0.044148,1411.917236,38.585986,-109.51948
2,577.475906,0.044148,1411.917236,38.585986,-109.51948
3,1879.603796,0.203705,1387.584717,38.586172,-109.530132
3,1879.937624,0.200206,1387.584717,38.586173,-109.530136
3,1845.897918,1.1482,1388.148438,38.586169,-109.529764
8,50086.920716,-0.953821,1412.678345,38.585967,-109.517983
3,1845.600847,1.145931,1387.84082,38.586172,-109.529761
3,2019.586614,0.041566,1388.293945,38.586206,-109.531662
3,1900.739931,1.108591,1386.902954,38.586184,-109.530342
3,2019.914445,0.020812,1388.293945,38.586208,-109.531666
3,1900.399273,1.111132,1386.902954,38.586186,-109.530339
3,2214.729748,-1.051434,1380.518066,38.586221,-109.532261
3,2214.729748,-1.051434,1380.518066,38.586221,-109.532261
3,2051.636508,1.020122,1385.474731,38.586216,-109.531924
3,2051.636508,1.020122,1385.474731,38.586216,-109.531924
3,1884.599788,0.14878,1387.609863,38.586192,-109.530184
2,581.458206,-0.054478,1411.141235,38.586007,-109.519517
2,581.458206,-0.054478,1411.141235,38.586007,-109.519517
3,2215.581611,-1.048005,1380.389038,38.586228,-109.532259
3,2215.581611,-1.048005,1380.389038,38.586228,-109.532259
3,1884.93485,0.143043,1387.710693,38.586193,-109.530187
3,2050.785969,1.030481,1385.474731,38.586224,-109.531923
3,2050.785969,1.030481,1385.474731,38.586224,-109.531923
2,582.476747,-0.055174,1410.961304,38.586013,-109.519526
2,582.476747,-0.055174,1410.961304,38.586013,-109.519526
3,2024.578329,-0.032205,1388.307373,38.586232,-109.531709
3,2024.91368,-0.033221,1388.268066,38.586234,-109.531712
3,1895.496843,1.010543,1387.587036,38.58621,-109.530294
3,1895.101887,0.987378,1387.587036,38.586211,-109.530291
3,1889.608148,0.27726,1387.591675,38.586212,-109.530235
3,1889.942608,0.313986,1387.591675,38.586212,-109.530239
3,1841.588159,1.027492,1387.815186,38.586208,-109.529737
2,586.457161,-0.017469,1410.030029,38.586034,-109.519563
2,586.457161,-0.017469,1410.030029,38.586034,-109.519563
3,1841.249327,1.009096,1387.815186,38.586211,-109.529737
2,587.473223,-0.017361,1409.829834,38.586039,-109.519573
2,587.473223,-0.017361,1409.829834,38.586039,-109.519573
8,50091.923467,-0.954964,1412.250977,38.586012,-109.517983
2,631.691847,0.675228,1407.93335,38.586053,-109.520049
2,632.655757,0.605494,1407.991943,38.586053,-109.520061
3,2219.656515,-1.006686,1380.147949,38.586265,-109.532254
3,2219.656515,-1.006686,1380.147949,38.586265,-109.532254
3,2046.205334,1.158285,1387.009521,38.58626,-109.53191
3,2029.579351,-0.014224,1388.168945,38.586259,-109.531755
3,2029.91713,-0.005957,1388.208008,38.58626,-109.531759
2,627.887966,0.890054,1407.570435,38.586058,-109.520004
2,636.506295,0.347188,1407.796265,38.586061,-109.520105
3,2045.168464,1.157653,1387.599121,38.586266,-109.531904
2,626.882847,0.897582,1407.570435,38.58606,-109.519993
3,2220.518374,-1.017011,1380.123291,38.586273,-109.532254
3,2220.518374,-1.017011,1380.123291,38.586273,-109.532254
2,637.513362,0.329141,1407.773193,38.586064,-109.520116
2,591.458281,-0.01102,1408.939697,38.58606,-109.51961
2,591.458281,-0.01102,1408.939697,38.58606,-109.51961
2,622.910232,0.905162,1407.521484,38.58607,-109.519949
2,592.471023,-0.010153,1408.646118,38.586065,-109.51962
2,592.471023,-0.010153,1408.646118,38.586065,-109.51962
2,641.4988,0.336929,1407.462646,38.586075,-109.52016
2,641.4988,0.336929,1407.462646,38.586075,-109.52016
2,621.892083,0.91271,1407.535889,38.586073,-109.519938
2,642.515948,0.331768,1407.300415,38.586078,-109.520171
2,642.515948,0.331768,1407.300415,38.586078,-109.520171
3,2034.597109,0.227477,1388.380127,38.58628,-109.531806
3,2034.936027,0.236709,1388.380127,38.586281,-109.531809
3,2040.288554,0.916185,1388.206177,38.586286,-109.531865
3,2039.263462,0.741914,1388.177002,38.586288,-109.531856
3,1836.995974,0.690026,1388.919189,38.586252,-109.529746
2,617.893771,0.901104,1407.033081,38.586083,-109.519894
3,1836.657284,0.656556,1388.919189,38.586255,-109.529747
2,646.473661,0.254113,1406.93335,38.586091,-109.520214
2,646.473661,0.254113,1406.93335,38.586091,-109.520214
2,616.867009,0.893937,1406.977173,38.586086,-109.519883
2,596.457665,0.133507,1407.829102,38.586084,-109.519659
2,596.457665,0.133507,1407.829102,38.586084,-109.519659
2,647.493037,0.265141,1406.838379,38.586094,-109.520224
2,647.493037,0.265141,1406.838379,38.586094,-109.520224
8,50096.923245,-0.961423,1413.026855,38.586057,-109.517982
2,597.479669,0.206219,1407.547119,38.586088,-109.519669
3,2224.915966,-1.121742,1379.817749,38.586309,-109.532242
3,2224.915966,-1.121742,1379.817749,38.586309,-109.532242
2,612.818543,0.845945,1406.687744,38.586095,-109.519839
2,611.778225,0.825261,1406.850098,38.586097,-109.519827
2,651.485032,0.285746,1406.43042,38.586107,-109.520267
2,651.485032,0.285746,1406.43042,38.586107,-109.520267
2,601.535784,0.443903,1406.738037,38.586097,-109.519713
2,602.566009,0.48045,1406.390381,38.586099,-109.519725
3,2225.767522,-1.120559,1379.716797,38.586316,-109.532239
3,2225.767522,-1.120559,1379.716797,38.586316,-109.532239
2,607.680142,0.682774,1406.3479,38.586101,-109.519782
2,652.498882,0.284991,1406.322388,38.58611,-109.520278
2,652.498882,0.284991,1406.322388,38.58611,-109.520278
2,606.644589,0.645758,1406.220581,38.586101,-109.51977
2,656.479508,0.283884,1405.855225,38.586122,-109.520321
2,656.479508,0.283884,1405.855225,38.586122,-109.520321
2,657.501506,0.286179,1405.753174,38.586126,-109.520332
2,657.501506,0.286179,1405.753174,38.586126,-109.520332
3,1832.155681,0.443428,1388.159668,38.586292,-109.529774
3,1832.155681,0.443428,1388.159668,38.586292,-109.529774
3,1831.815775,0.432582,1388.159668,38.586294,-109.529776
3,1831.815775,0.432582,1388.159668,38.586294,-109.529776
2,661.481676,0.286078,1405.385254,38.586138,-109.520375
2,661.481676,0.286078,1405.385254,38.586138,-109.520375
2,662.495296,0.288267,1405.28418,38.586141,-109.520386
2,662.495296,0.288267,1405.28418,38.586141,-109.520386
8,50101.876569,-0.903646,1414.457764,38.586102,-109.517984
3,2230.071125,-1.150371,1379.172119,38.586351,-109.532221
2,666.487431,0.328778,1404.798828,38.586153,-109.520429
2,666.487431,0.328778,1404.798828,38.586153,-109.520429
3,2231.041107,-1.170438,1379.12793,38.586358,-109.532217
2,667.508695,0.330018,1404.667236,38.586156,-109.52044
2,667.508695,0.330018,1404.667236,38.586156,-109.52044
3,1827.221452,0.207958,1388.255127,38.586326,-109.529811
3,1827.221452,0.207958,1388.255127,38.586326,-109.529811
3,1826.889227,0.193994,1388.255127,38.586328,-109.529814
3,1826.889227,0.193994,1388.255127,38.586328,-109.529814
2,671.493679,0.355651,1404.320923,38.586167,-109.520484
2,671.493679,0.355651,1404.320923,38.586167,-109.520484
2,672.515265,0.372776,1404.220825,38.586169,-109.520495
2,672.515265,0.372776,1404.220825,38.586169,-109.520495
2,676.572474,0.546347,1403.822021,38.586175,-109.52054
2,676.572474,0.546347,1403.822021,38.586175,-109.52054
2,677.597852,0.558474,1403.675537,38.586176,-109.520551
2,677.597852,0.558474,1403.675537,38.586176,-109.520551
2,681.550694,0.479556,1403.183594,38.586181,-109.520597
2,681.550694,0.479556,1403.183594,38.586181,-109.520597
2,682.54749,0.44221,1403.136963,38.586183,-109.520608
2,682.54749,0.44221,1403.136963,38.586183,-109.520608
3,2235.397018,-1.149332,1378.465332,38.586387,-109.532186
3,1823.406327,0.167223,1388.003296,38.586349,-109.529844
3,1823.406327,0.167223,1388.003296,38.586349,-109.529844
3,1823.406327,0.167223,1388.003296,38.586349,-109.529844
2,686.529162,0.45046,1402.548096,38.586191,-109.520653
3,2236.234736,-1.150654,1378.37854,38.586392,-109.53218
2,687.550974,0.458968,1402.286377,38.586193,-109.520664
8,50106.830903,-0.888283,1415.153931,38.586147,-109.517989
3,1822.232448,0.187211,1388.134155,38.586356,-109.529854
3,1822.232448,0.187211,1388.134155,38.586356,-109.529854
3,1822.232448,0.187211,1388.134155,38.586356,-109.529854
2,691.551386,0.498208,1401.775635,38.586199,-109.520709
2,692.566833,0.495725,1401.749268,38.5862,-109.520721
2,696.516506,0.400856,1401.754395,38.586208,-109.520765
2,697.520523,0.376128,1401.800293,38.586211,-109.520776
3,1541.429489,0.775915,1400.114746,38.586329,-109.527202
3,1541.429489,0.775915,1400.114746,38.586329,-109.527202
2,701.517811,0.428837,1402.203125,38.58622,-109.520821
3,1540.320436,0.858007,1400.033936,38.58633,-109.527188
3,1540.320436,0.858007,1400.033936,38.58633,-109.527188
2,702.534832,0.428477,1402.173584,38.586222,-109.520832
3,1545.001667,0.382073,1400.10144,38.586334,-109.527245
3,2240.343139,-1.158996,1378.192871,38.58642,-109.532148
3,1818.374002,0.312279,1388.44873,38.586382,-109.529883
3,1818.374002,0.312279,1388.44873,38.586382,-109.529883
3,1818.374002,0.312279,1388.44873,38.586382,-109.529883
3,1546.166574,0.359242,1400.021729,38.586338,-109.527258
2,706.509173,0.396184,1402.223145,38.58623,-109.520876
3,2241.1639,-1.156231,1378.235107,38.586426,-109.532142
3,1536.62235,0.940957,1399.620361,38.586339,-109.527146
3,1536.62235,0.940957,1399.620361,38.586339,-109.527146
2,707.520287,0.386019,1402.183472,38.586233,-109.520888
3,1817.200333,0.328691,1388.739014,38.58639,-109.529891
3,1817.200333,0.328691,1388.739014,38.58639,-109.529891
3,1817.200333,0.328691,1388.739014,38.58639,-109.529891
3,1535.551346,1.000541,1399.513184,38.586343,-109.527134
3,1535.551346,1.000541,1399.513184,38.586343,-109.527134
3,1549.984617,0.344595,1399.912598,38.586348,-109.5273
3,1551.161106,0.344832,1399.594238,38.586351,-109.527313
2,711.496496,0.359042,1402.080078,38.586243,-109.520932
8,50111.841144,-0.901986,1415.576416,38.586192,-109.517994
2,712.504237,0.34853,1402.084717,38.586245,-109.520943
3,1554.985426,0.350941,1399.452637,38.586361,-109.527355
3,1570.102792,0.614924,1396.972534,38.586366,-109.527525
3,1570.102792,0.614924,1396.972534,38.586366,-109.527525
3,1571.2826,0.593452,1396.672119,38.586366,-109.527539
3,1571.2826,0.593452,1396.672119,38.586366,-109.527539
3,1566.356694,0.718513,1397.992554,38.586366,-109.527481
3,1566.356694,0.718513,1397.992554,38.586366,-109.527481
3,1556.162857,0.365807,1399.392334,38.586364,-109.527367
3,1565.184833,0.726193,1398.120972,38.586366,-109.527468
3,1565.184833,0.726193,1398.120972,38.586366,-109.527468
3,1575.085197,0.572575,1395.857666,38.586369,-109.527582
3,1575.085197,0.572575,1395.857666,38.586369,-109.527582
3,1576.257431,0.573157,1395.663818,38.58637,-109.527596
3,1576.257431,0.573157,1395.663818,38.58637,-109.527596
2,716.483785,0.346812,1402.113892,38.586256,-109.520986
3,1561.326395,0.702961,1398.862061,38.586369,-109.527424
3,1561.326395,0.702961,1398.862061,38.586369,-109.527424
3,1532.007786,1.134628,1399.232788,38.586363,-109.527098
3,1532.007786,1.134628,1399.232788,38.586363,-109.527098
3,1580.092986,0.601835,1394.563721,38.586373,-109.52764
3,1580.092986,0.601835,1394.563721,38.586373,-109.52764
3,1591.302629,0.636677,1391.720703,38.586375,-109.527768
3,1591.302629,0.636677,1391.720703,38.586375,-109.527768
3,1590.134909,0.655797,1391.942871,38.586375,-109.527754
3,1590.134909,0.655797,1391.942871,38.586375,-109.527754
3,1581.279553,0.615627,1394.349854,38.586373,-109.527653
3,1581.279553,0.615627,1394.349854,38.586373,-109.527653
3,1560.117701,0.650102,1399.082642,38.586369,-109.527411
3,1560.117701,0.650102,1399.082642,38.586369,-109.527411
3,1586.302079,0.64431,1392.859375,38.586374,-109.52771
3,1586.302079,0.64431,1392.859375,38.586374,-109.52771
3,1585.119198,0.63698,1393.166016,38.586374,-109.527697
3,1585.119198,0.63698,1393.166016,38.586374,-109.527697
2,717.507507,0.358192,1402.217651,38.586259,-109.520998
3,1813.340967,0.400703,1388.500488,38.586418,-109.529918
3,1813.340967,0.400703,1388.500488,38.586418,-109.529918
3,1813.340967,0.400703,1388.500488,38.586418,-109.529918
3,1594.997511,0.32189,1390.997559,38.586382,-109.527811
3,1594.997511,0.32189,1390.997559,38.586382,-109.527811
3,2245.100823,-1.148802,1378.317383,38.586457,-109.532116
3,1530.852505,1.13981,1399.112549,38.58637,-109.527088
3,1530.852505,1.13981,1399.112549,38.58637,-109.527088
2,721.499761,0.376304,1402.421631,38.586269,-109.521042
3,1596.119175,0.145994,1390.860107,38.586387,-109.527823
3,1596.119175,0.145994,1390.860107,38.586387,-109.527823
2,722.513005,0.379401,1402.495117,38.586271,-109.521053
3,2245.88138,-1.143517,1378.270996,38.586464,-109.532111
3,1812.17224,0.418123,1388.720947,38.586426,-109.529925
3,1812.17224,0.418123,1388.720947,38.586426,-109.529925
3,1812.17224,0.418123,1388.720947,38.586426,-109.529925
2,726.494185,0.379138,1402.438599,38.586281,-109.521097
2,727.515855,0.380386,1402.346436,38.586283,-109.521108
8,50116.908879,-0.952057,1416.109863,38.586237,-109.517996
2,731.495678,0.369014,1402.236816,38.586293,-109.521152
3,1599.943658,-0.188002,1390.924561,38.586409,-109.527856
3,1599.943658,-0.188002,1390.924561,38.586409,-109.527856
3,1527.337319,1.157595,1398.908203,38.586396,-109.527059
3,1527.337319,1.157595,1398.908203,38.586396,-109.527059
2,732.507341,0.353062,1402.181641,38.586296,-109.521163
3,1601.119309,-0.17763,1390.682983,38.586417,-109.527865
3,1601.119309,-0.17763,1390.682983,38.586417,-109.527865
3,1601.119309,-0.17763,1390.682983,38.586417,-109.527865
3,1808.338697,0.414112,1388.427612,38.586455,-109.52995
3,1808.338697,0.414112,1388.427612,38.586455,-109.52995
3,1526.349546,1.126592,1398.782837,38.586406,-109.527053
3,1526.349546,1.126592,1398.782837,38.586406,-109.527053
2,736.466332,0.258443,1401.764893,38.586308,-109.521206
3,2249.970692,-1.129886,1378.002197,38.586499,-109.532093
2,737.467862,0.226816,1401.685425,38.586312,-109.521217
3,1807.168685,0.412913,1388.299805,38.586464,-109.529958
3,2250.78368,-1.12121,1378.002197,38.586506,-109.53209
3,1604.937807,0.292717,1389.619995,38.586434,-109.527902
3,1604.937807,0.292717,1389.619995,38.586434,-109.527902
3,1604.937807,0.292717,1389.619995,38.586434,-109.527902
3,1606.163614,0.397071,1389.297852,38.586437,-109.527915
3,1606.163614,0.397071,1389.297852,38.586437,-109.527915
3,1606.163614,0.397071,1389.297852,38.586437,-109.527915
2,741.44766,0.229553,1401.491699,38.586327,-109.521258
3,1610.030966,0.477908,1387.785034,38.586444,-109.527958
3,1610.030966,0.477908,1387.785034,38.586444,-109.527958
3,1611.204619,0.501343,1387.625732,38.586446,-109.527972
3,1611.204619,0.501343,1387.625732,38.586446,-109.527972
2,742.467372,0.249747,1401.459473,38.58633,-109.521269
3,1614.99573,0.359567,1386.42627,38.586453,-109.528015
3,1614.99573,0.359567,1386.42627,38.586453,-109.528015
3,1616.14637,0.320176,1385.988037,38.586456,-109.528027
3,1522.774217,1.04499,1398.860107,38.586439,-109.527044
3,1522.774217,1.04499,1398.860107,38.586439,-109.527044
8,50121.914417,-0.950853,1415.818237,38.586282,-109.517996
3,1803.335187,0.438963,1388.13623,38.586492,-109.529982
2,746.45913,0.260169,1401.151855,38.586343,-109.521312
2,747.473285,0.255488,1401.053467,38.586347,-109.521322
3,1619.975637,0.329829,1384.870972,38.586467,-109.528069
3,1521.61009,1.03984,1398.901611,38.58645,-109.527042
3,1521.61009,1.03984,1398.901611,38.58645,-109.527042
3,1802.157459,0.481694,1387.963013,38.586501,-109.529989
3,1621.158792,0.373818,1384.789795,38.58647,-109.528082
3,2254.880618,-1.10834,1377.609131,38.586541,-109.532076
3,2254.880618,-1.10834,1377.609131,38.586541,-109.532076
3,1625.029924,0.477157,1384.924561,38.586477,-109.528125
2,751.454871,0.25435,1400.659668,38.58636,-109.521365
2,751.454871,0.25435,1400.659668,38.58636,-109.521365
3,1626.207791,0.478695,1385.095947,38.586479,-109.528138
3,1626.207791,0.478695,1385.095947,38.586479,-109.528138
3,2255.717033,-1.104669,1377.564453,38.586549,-109.532073
3,2255.717033,-1.104669,1377.564453,38.586549,-109.532073
2,752.475524,0.262573,1400.6521,38.586363,-109.521376
2,752.475524,0.262573,1400.6521,38.586363,-109.521376
3,1630.033499,0.47237,1385.65564,38.586485,-109.528181
3,1630.033499,0.47237,1385.65564,38.586485,-109.528181
3,1631.198817,0.453191,1386.185913,38.586487,-109.528194
3,1631.198817,0.453191,1386.185913,38.586487,-109.528194
3,1656.365406,0.715192,1388.030518,38.586497,-109.528475
2,756.470602,0.344337,1400.783936,38.586375,-109.521419
2,756.470602,0.344337,1400.783936,38.586375,-109.521419
3,1655.219823,0.772595,1387.557861,38.586498,-109.528462
2,757.495947,0.359056,1400.79541,38.586378,-109.52143
2,757.495947,0.359056,1400.79541,38.586378,-109.52143
3,1634.962428,0.257707,1386.83374,38.586498,-109.528236
3,1634.962428,0.257707,1386.83374,38.586498,-109.528236
3,1651.333656,0.710481,1387.251709,38.586501,-109.528418
3,1650.157041,0.699779,1387.14209,38.586502,-109.528405
3,1659.9775,0.265028,1388.206543,38.586505,-109.528518
3,1659.9775,0.265028,1388.206543,38.586505,-109.528518
3,1646.362904,0.706785,1387.161377,38.586503,-109.528361
3,1645.249814,0.776975,1387.255493,38.586504,-109.528347
3,1636.130126,0.2444,1386.994629,38.586502,-109.528249
3,1636.130126,0.2444,1386.994629,38.586502,-109.528249
3,1798.17402,0.780781,1387.555908,38.586533,-109.530005
3,1661.127764,0.237604,1388.176025,38.58651,-109.52853
3,1661.127764,0.237604,1388.176025,38.58651,-109.52853
8,50127.181564,-1.090117,1416.86377,38.586327,-109.517991
3,1517.917559,0.931742,1398.462158,38.586484,-109.527038
3,1517.917559,0.931742,1398.462158,38.586484,-109.527038
2,761.491243,0.377551,1400.69397,38.586388,-109.521474
2,761.491243,0.377551,1400.69397,38.586388,-109.521474
2,762.505077,0.377232,1400.69458,38.58639,-109.521485
2,762.505077,0.377232,1400.69458,38.58639,-109.521485
3,1641.332659,0.777999,1387.383057,38.586509,-109.528304
3,1640.047444,0.600369,1387.387573,38.586511,-109.528291
3,1640.047444,0.600369,1387.387573,38.586511,-109.528291
3,1796.825902,0.959945,1387.562012,38.586544,-109.530005
3,1516.843762,0.857797,1398.344727,38.586494,-109.52704
3,1516.843762,0.857797,1398.344727,38.586494,-109.52704
2,766.49598,0.388965,1400.641479,38.5864,-109.521529
2,766.49598,0.388965,1400.641479,38.5864,-109.521529
3,1664.949516,0.216783,1387.93042,38.586523,-109.52857
3,1664.949516,0.216783,1387.93042,38.586523,-109.52857
2,767.506012,0.394372,1400.542969,38.586402,-109.52154
2,767.506012,0.394372,1400.542969,38.586402,-109.52154
3,2259.858978,-1.100985,1377.748901,38.586585,-109.53206
3,2259.858978,-1.100985,1377.748901,38.586585,-109.53206
3,1666.116482,0.198188,1387.682617,38.586528,-109.528582
3,1666.116482,0.198188,1387.682617,38.586528,-109.528582
3,1710.125422,0.640034,1379.954102,38.586539,-109.529066
3,1711.279766,0.631288,1379.979126,38.586539,-109.529079
3,1706.417873,0.780274,1380.07666,38.586539,-109.529022
3,2260.706794,-1.100724,1377.679443,38.586592,-109.532057
3,2260.706794,-1.100724,1377.679443,38.586592,-109.532057
3,1715.070792,0.530718,1380.13501,38.586542,-109.529123
2,771.499032,0.415723,1400.474121,38.586411,-109.521585
2,771.499032,0.415723,1400.474121,38.586411,-109.521585
3,1705.286848,0.836569,1379.947266,38.586541,-109.529009
3,1716.211403,0.475112,1380.148071,38.586543,-109.529137
2,772.51786,0.430846,1400.425537,38.586413,-109.521596
2,772.51786,0.430846,1400.425537,38.586413,-109.521596
3,1720.012864,0.432406,1379.998291,38.586551,-109.529179
2,776.520152,0.468293,1400.532715,38.58642,-109.521641
2,776.520152,0.468293,1400.532715,38.58642,-109.521641
3,1701.481753,0.867073,1380.077637,38.586548,-109.528966
2,777.542165,0.474588,1400.609375,38.586422,-109.521652
2,777.542165,0.474588,1400.609375,38.586422,-109.521652
3,1721.175998,0.425003,1379.833374,38.586553,-109.529192
3,1669.935685,0.138181,1386.950073,38.586544,-109.528621
3,1700.316328,0.866004,1380.057861,38.586551,-109.528953
2,781.538563,0.502864,1401.060303,38.586428,-109.521698
2,781.538563,0.502864,1401.060303,38.586428,-109.521698
3,1671.108166,0.134011,1386.986694,38.586548,-109.528633
3,1671.108166,0.134011,1386.986694,38.586548,-109.528633
3,1791.878883,1.102999,1387.102051,38.586572,-109.529983
2,782.557075,0.508012,1401.150146,38.586429,-109.521709
2,782.557075,0.508012,1401.150146,38.586429,-109.521709
3,1725.001398,0.397106,1379.963989,38.586562,-109.529235
2,786.571557,0.571693,1401.512085,38.586434,-109.521754
2,786.571557,0.571693,1401.512085,38.586434,-109.521754
2,787.597616,0.585059,1401.641113,38.586434,-109.521766
2,787.597616,0.585059,1401.641113,38.586434,-109.521766
3,1726.168318,0.396995,1380.252197,38.586564,-109.529248
3,1696.491479,0.870231,1380.30542,38.586559,-109.52891
8,50132.106057,-1.057139,1418.715332,38.58637,-109.517976
3,1513.175237,0.676428,1398.359863,38.586528,-109.527051
3,1513.175237,0.676428,1398.359863,38.586528,-109.527051
3,1790.531413,1.033443,1387.174805,38.586578,-109.529972
2,791.561822,0.548155,1401.785034,38.586438,-109.521811
2,791.561822,0.548155,1401.785034,38.586438,-109.521811
3,1695.324703,0.869602,1380.593384,38.586561,-109.528897
3,1695.324703,0.869602,1380.593384,38.586561,-109.528897
2,792.557236,0.517878,1401.866089,38.586439,-109.521823
3,1730.005094,0.423315,1380.660156,38.586573,-109.529291
3,1730.005094,0.423315,1380.660156,38.586573,-109.529291
2,796.507729,0.434001,1402.346069,38.586446,-109.521868
3,1731.183961,0.461996,1380.890137,38.586575,-109.529304
3,1731.183961,0.461996,1380.890137,38.586575,-109.529304
3,1674.934292,0.143118,1386.527832,38.586565,-109.528672
3,1674.934292,0.143118,1386.527832,38.586565,-109.528672
3,1512.094765,0.530444,1398.689819,38.586537,-109.527057
3,1512.094765,0.530444,1398.689819,38.586537,-109.527057
2,797.513353,0.388596,1402.473877,38.586448,-109.521879
3,1691.446758,0.83262,1381.591919,38.586569,-109.528854
3,1691.446758,0.83262,1381.591919,38.586569,-109.528854
3,1691.446758,0.83262,1381.591919,38.586569,-109.528854
3,1745.165958,0.68788,1383.875488,38.586581,-109.529462
3,1745.165958,0.68788,1383.875488,38.586581,-109.529462
3,1746.30156,0.629449,1384.131836,38.586581,-109.529475
3,1746.30156,0.629449,1384.131836,38.586581,-109.529475
3,1735.045998,0.529217,1381.636597,38.58658,-109.529347
3,1735.045998,0.529217,1381.636597,38.58658,-109.529347
3,1690.255935,0.810713,1382.213867,38.586571,-109.528841
3,1690.255935,0.810713,1382.213867,38.586571,-109.528841
3,1690.255935,0.810713,1382.213867,38.586571,-109.528841
3,1786.446607,0.844964,1387.095337,38.58659,-109.529931
3,1676.107506,0.177024,1386.297607,38.586569,-109.528684
3,1676.107506,0.177024,1386.297607,38.586569,-109.528684
3,1736.221495,0.548771,1381.678467,38.586581,-109.529361
3,1736.221495,0.548771,1381.678467,38.586581,-109.529361
3,2264.9197,-1.117382,1377.498047,38.586628,-109.532043
3,2264.9197,-1.117382,1377.498047,38.586628,-109.532043
3,1741.310949,0.673863,1382.651123,38.586583,-109.529418
3,1741.310949,0.673863,1382.651123,38.586583,-109.529418
3,1740.118131,0.646448,1382.462402,38.586583,-109.529404
3,1740.118131,0.646448,1382.462402,38.586583,-109.529404
3,1785.262856,0.82463,1386.965942,38.586593,-109.529917
3,1750.031657,0.488878,1384.703979,38.586586,-109.529519
3,1750.031657,0.488878,1384.703979,38.586586,-109.529519
3,1751.196081,0.483471,1384.860718,38.586588,-109.529532
3,1751.196081,0.483471,1384.860718,38.586588,-109.529532
3,1686.286377,0.672435,1383.656616,38.586576,-109.528798
3,1686.286377,0.672435,1383.656616,38.586576,-109.528798
3,1686.286377,0.672435,1383.656616,38.586576,-109.528798
3,1681.33389,0.69891,1385.105835,38.586575,-109.52874
3,1681.33389,0.69891,1385.105835,38.586575,-109.52874
3,1685.102905,0.624375,1384.012451,38.586576,-109.528784
3,1685.102905,0.624375,1384.012451,38.586576,-109.528784
3,1685.102905,0.624375,1384.012451,38.586576,-109.528784
3,1680.125922,0.670653,1385.337402,38.586575,-109.528727
3,1680.125922,0.670653,1385.337402,38.586575,-109.528727
3,2265.757025,-1.119066,1377.499023,38.586635,-109.532039
3,2265.757025,-1.119066,1377.499023,38.586635,-109.532039
3,1781.321002,0.72104,1386.315674,38.586598,-109.529874
2,801.456087,0.260077,1402.572021,38.58646,-109.521922
3,1780.151613,0.69817,1386.286865,38.586598,-109.529861
3,1755.02599,0.492721,1385.287231,38.586594,-109.529575
3,1755.02599,0.492721,1385.287231,38.586594,-109.529575
3,1756.206205,0.495369,1385.436401,38.586596,-109.529589
3,1756.206205,0.495369,1385.436401,38.586596,-109.529589
3,1776.369413,0.743757,1386.048828,38.5866,-109.529817
2,802.459078,0.216077,1402.765625,38.586464,-109.521933
3,1775.217096,0.763457,1386.05249,38.586601,-109.529803
3,1760.039013,0.501814,1386.023804,38.586601,-109.529632
3,1761.206093,0.511469,1385.995483,38.586603,-109.529645
3,1771.365038,0.750774,1386.401367,38.586605,-109.52976
3,1770.137135,0.70802,1386.540649,38.586606,-109.529746
3,1765.087245,0.613464,1386.563843,38.586606,-109.529689
3,1766.276469,0.632988,1386.693115,38.586606,-109.529702
3,1508.35319,0.467381,1398.911987,38.586565,-109.527082
3,1508.35319,0.467381,1398.911987,38.586565,-109.527082
3,1508.35319,0.467381,1398.911987,38.586565,-109.527082
2,806.424177,0.047466,1402.987671,38.586482,-109.521973
8,50136.919475,-0.957107,1419.042969,38.586415,-109.517973
3,1507.130462,0.693562,1398.850586,38.586575,-109.527087
3,1507.130462,0.693562,1398.850586,38.586575,-109.527087
3,1507.130462,0.693562,1398.850586,38.586575,-109.527087
2,807.431906,-0.034527,1402.976807,38.586487,-109.521982
3,2269.777742,-1.059488,1377.299194,38.586671,-109.532027
3,2269.777742,-1.059488,1377.299194,38.586671,-109.532027
3,2270.582934,-1.031032,1377.256592,38.586678,-109.532026
2,811.430406,-0.224006,1403.040283,38.586512,-109.522015
3,1355.111331,0.620412,1417.293701,38.586579,-109.525867
3,1351.3989,0.717615,1416.482788,38.586578,-109.525824
3,1351.3989,0.717615,1416.482788,38.586578,-109.525824
3,1356.291955,0.612208,1417.394287,38.586579,-109.525881
3,1350.269136,0.800135,1416.306396,38.586579,-109.52581
3,1350.269136,0.800135,1416.306396,38.586579,-109.52581
3,1360.018133,0.421954,1417.72644,38.586584,-109.525924
2,812.451698,-0.269596,1403.131592,38.586518,-109.522023
3,1361.178347,0.366202,1417.77063,38.586587,-109.525937
3,1502.197116,1.161943,1399.733276,38.586608,-109.527077
3,1502.197116,1.161943,1399.733276,38.586608,-109.527077
3,1502.197116,1.161943,1399.733276,38.586608,-109.527077
3,1346.529008,0.879838,1414.835571,38.586586,-109.525767
3,1346.529008,0.879838,1414.835571,38.586586,-109.525767
3,1345.3675,0.897489,1414.363281,38.586589,-109.525754
3,1345.3675,0.897489,1414.363281,38.586589,-109.525754
3,1500.970916,1.157009,1399.807129,38.586616,-109.527068
3,1500.970916,1.157009,1399.807129,38.586616,-109.527068
3,1500.970916,1.157009,1399.807129,38.586616,-109.527068
3,1316.357967,0.709231,1411.016724,38.586588,-109.525435
3,1315.202926,0.747485,1410.975952,38.586589,-109.525421
3,1364.966841,0.284002,1418.099365,38.586598,-109.525979
8,50141.911352,-0.956889,1419.584961,38.58646,-109.517973
3,1320.067409,0.558474,1411.124268,38.58659,-109.525478
3,1321.251332,0.543401,1411.226074,38.586592,-109.525492
3,1366.139916,0.2062,1418.17334,38.586603,-109.525991
3,1311.529594,0.842957,1410.938477,38.586593,-109.525378
3,1341.63081,0.965065,1412.927124,38.5866,-109.525713
3,1325.012401,0.406711,1411.633423,38.586598,-109.525535
3,1310.451919,0.948055,1410.963013,38.586596,-109.525364
3,1326.159377,0.296904,1411.735107,38.586601,-109.525548
3,1340.44176,0.96659,1412.78418,38.586604,-109.5257
3,1485.213141,0.677637,1404.068115,38.586625,-109.526905
3,1485.213141,0.677637,1404.068115,38.586625,-109.526905
3,1485.213141,0.677637,1404.068115,38.586625,-109.526905
3,1486.247781,0.459847,1403.955078,38.586627,-109.526918
3,1486.247781,0.459847,1403.955078,38.586627,-109.526918
3,1486.247781,0.459847,1403.955078,38.586627,-109.526918
3,2274.565522,-0.940019,1377.849365,38.586716,-109.532025
2,816.470006,-0.37458,1403.321289,38.586546,-109.522052
3,1496.445893,0.872076,1400.64978,38.586633,-109.527031
3,1496.445893,0.872076,1400.64978,38.586633,-109.527031
3,1496.445893,0.872076,1400.64978,38.586633,-109.527031
3,1495.193718,0.775723,1401.309326,38.586635,-109.527018
3,1495.193718,0.775723,1401.309326,38.586635,-109.527018
3,1495.193718,0.775723,1401.309326,38.586635,-109.527018
3,1489.991726,0.478195,1403.407959,38.586636,-109.526961
3,1489.991726,0.478195,1403.407959,38.586636,-109.526961
3,1489.991726,0.478195,1403.407959,38.586636,-109.526961
3,2275.388912,-0.939508,1377.993652,38.586723,-109.532025
3,1491.246044,0.586542,1402.592041,38.586637,-109.526974
3,1491.246044,0.586542,1402.592041,38.586637,-109.526974
3,1491.246044,0.586542,1402.592041,38.586637,-109.526974
3,1329.959684,0.312793,1412.082275,38.586613,-109.525588
3,1336.408381,0.807151,1412.255005,38.586615,-109.525659
3,1369.92721,-0.048721,1418.136475,38.586622,-109.526027
2,817.499476,-0.405052,1403.250732,38.586554,-109.522058
3,1331.159533,0.406666,1412.239624,38.586616,-109.525602
3,1335.18566,0.753958,1412.425049,38.586617,-109.525645
3,1306.979181,1.117486,1411.226563,38.586613,-109.525327
3,1482.718335,1.026707,1404.440674,38.586643,-109.526874
3,1482.718335,1.026707,1404.440674,38.586643,-109.526874
3,1482.718335,1.026707,1404.440674,38.586643,-109.526874
3,1371.114218,-0.057748,1418.215332,38.586629,-109.526038
3,1305.887545,1.141941,1411.330078,38.58662,-109.525317
3,1481.871353,0.720486,1404.909546,38.586653,-109.526877
3,1481.871353,0.720486,1404.909546,38.586653,-109.526877
3,1481.871353,0.720486,1404.909546,38.586653,-109.526877
8,50147.294356,-1.130148,1419.833496,38.586504,-109.517966
3,1374.925286,-0.062557,1418.07373,38.58665,-109.526072
2,821.526542,-0.516125,1403.317139,38.586584,-109.522082
3,1376.113803,-0.061617,1418.2052,38.586656,-109.526083
3,2279.467008,-0.857801,1378.466064,38.586761,-109.532028
3,1302.391392,1.153161,1411.372803,38.586647,-109.52529
2,822.553139,-0.536201,1403.279541,38.586593,-109.522088
3,2280.277241,-0.840108,1378.653076,38.586768,-109.53203
3,1478.362831,0.392444,1405.392578,38.586682,-109.5269
3,1478.362831,0.392444,1405.392578,38.586682,-109.5269
3,1478.362831,0.392444,1405.392578,38.586682,-109.5269
3,1301.374067,1.122758,1411.283447,38.586657,-109.525285
3,1477.187613,0.375031,1405.622803,38.586691,-109.526908
3,1477.187613,0.375031,1405.622803,38.586691,-109.526908
3,1477.187613,0.375031,1405.622803,38.586691,-109.526908
3,1379.930175,-0.072101,1418.35791,38.586678,-109.526118
3,1381.112861,-0.07839,1418.449463,38.586684,-109.526128
8,50152.74078,-1.148548,1419.426514,38.586543,-109.517937
2,826.611637,-0.661744,1403.813232,38.586625,-109.522106
3,2284.264151,-0.467522,1378.929688,38.586803,-109.532043
3,2300.140385,0.684404,1380.092896,38.586806,-109.532208
3,2299.517101,0.707106,1379.870117,38.586807,-109.532201
3,2304.423379,0.555175,1380.53064,38.586808,-109.532258
2,827.643589,-0.678959,1403.86377,38.586634,-109.52211
3,1473.370002,0.37256,1406.991211,38.586718,-109.526934
3,1384.925191,-0.051993,1418.589111,38.586705,-109.526163
3,1297.797332,1.037114,1411.175659,38.586691,-109.525276
3,2295.40942,0.926352,1379.046875,38.586812,-109.532152
3,2285.059477,-0.478043,1378.922974,38.586811,-109.532047
3,2294.792831,0.961392,1378.88916,38.586814,-109.532145
3,1386.109328,0.000509,1418.553345,38.586711,-109.526174
3,1472.180851,0.384008,1407.128418,38.586727,-109.526943
3,1472.180851,0.384008,1407.128418,38.586727,-109.526943
3,1296.614608,1.033073,1411.068604,38.586701,-109.525275
8,50157.842156,-1.132954,1419.275146,38.586574,-109.517896
3,2304.403439,-1.434545,1380.228516,38.586826,-109.532256
3,2289.167202,0.840947,1379.000122,38.586825,-109.53209
3,1389.975287,0.351381,1418.140381,38.586724,-109.526214
3,2290.035572,0.681343,1379.000122,38.586827,-109.532098
3,2309.304832,-0.431257,1380.345703,38.586831,-109.532304
3,1391.162788,0.324692,1418.017822,38.586727,-109.526227
3,1394.948122,0.221921,1417.667358,38.58674,-109.526268
2,831.66553,-0.714864,1403.762085,38.586668,-109.522124
3,1396.127514,0.156033,1417.603271,38.586745,-109.52628
8,50162.393722,-1.100005,1419.320313,38.5866,-109.517857
3,1468.179355,0.799277,1407.381592,38.586758,-109.526961
3,1468.179355,0.799277,1407.381592,38.586758,-109.526961
8,50162.457514,-1.101608,1419.320313,38.5866,-109.517856
2,832.663357,-0.702262,1403.592773,38.586677,-109.522127
8,50163.066961,-1.096927,1419.320313,38.586604,-109.51785
8,50163.399621,-1.100604,1419.320313,38.586605,-109.517847
3,2312.035714,-2.179895,1379.464722,38.586856,-109.532299
3,1292.82318,1.024908,1410.714233,38.586735,-109.525269
8,50163.833194,-1.094744,1419.065918,38.586608,-109.517843
3,1466.838,0.910342,1407.471191,38.586769,-109.526962
3,1466.838,0.910342,1407.471191,38.586769,-109.526962
3,1399.926294,0.115286,1417.505981,38.586761,-109.526319
3,1291.657455,1.017492,1410.442627,38.586746,-109.525268
3,1401.112499,0.151987,1417.424927,38.586766,-109.526331
3,2314.66627,-0.878373,1379.248047,38.586875,-109.532319
8,50166.91076,-1.094304,1418.765015,38.586624,-109.517815
3,1404.978484,0.365203,1417.887451,38.586778,-109.526372
3,1406.169497,0.375881,1417.837646,38.586781,-109.526385
2,836.564191,-0.55807,1403.672119,38.58671,-109.522145
3,1409.991381,0.396684,1417.575928,38.586789,-109.526427
3,1411.179895,0.414465,1417.433594,38.586792,-109.526441
3,1411.179895,0.414465,1417.433594,38.586792,-109.526441
2,837.558645,-0.506739,1403.600098,38.586718,-109.522151
3,1462.407839,1.154934,1407.706909,38.586802,-109.526953
3,1462.407839,1.154934,1407.706909,38.586802,-109.526953
3,2316.965673,-0.93946,1379.38501,38.586895,-109.53232
3,1415.010007,0.434204,1416.323975,38.5868,-109.526483
3,1415.010007,0.434204,1416.323975,38.5868,-109.526483
3,1287.887844,0.971429,1409.887817,38.58678,-109.525265
8,50171.912317,-1.096473,1418.66626,38.58665,-109.517768
3,1416.18934,0.432953,1416.015869,38.586802,-109.526496
3,1416.18934,0.432953,1416.015869,38.586802,-109.526496
3,1461.098175,1.162395,1407.765747,38.586811,-109.526946
3,1461.098175,1.162395,1407.765747,38.586811,-109.526946
3,1420.003336,0.433611,1414.708496,38.58681,-109.526539
3,1420.003336,0.433611,1414.708496,38.58681,-109.526539
3,1421.191155,0.434283,1414.427002,38.586812,-109.526552
3,1421.191155,0.434283,1414.427002,38.586812,-109.526552
3,1286.758576,0.944466,1409.76416,38.586791,-109.525265
3,1425.005389,0.433766,1413.542969,38.58682,-109.526595
3,1425.005389,0.433766,1413.542969,38.58682,-109.526595
3,2319.763132,-0.948751,1379.424805,38.58692,-109.53232
3,1426.193407,0.433458,1413.310913,38.586822,-109.526608
3,1426.193407,0.433458,1413.310913,38.586822,-109.526608
2,841.48796,-0.40351,1403.449707,38.586748,-109.522177
3,1429.987373,0.356582,1412.466797,38.586831,-109.526651
3,1429.987373,0.356582,1412.466797,38.586831,-109.526651
8,50176.901512,-1.097181,1418.432861,38.586677,-109.517722
2,842.498799,-0.407642,1403.468018,38.586755,-109.522183
3,1457.139231,1.154913,1407.932373,38.586838,-109.52692
3,1457.139231,1.154913,1407.932373,38.586838,-109.52692
3,1431.156605,0.331899,1412.440308,38.586834,-109.526664
3,1431.156605,0.331899,1412.440308,38.586834,-109.526664
3,2321.9192,-0.877679,1379.793091,38.58694,-109.532322
3,2321.9192,-0.877679,1379.793091,38.58694,-109.532322
3,1455.956903,1.153717,1408.450928,38.586846,-109.526911
3,1455.956903,1.153717,1408.450928,38.586846,-109.526911
3,1434.963048,0.302562,1411.624023,38.586845,-109.526705
3,1434.963048,0.302562,1411.624023,38.586845,-109.526705
3,1436.147101,0.289279,1411.29541,38.586849,-109.526718
3,1436.147101,0.289279,1411.29541,38.586849,-109.526718
3,1283.147508,0.760214,1409.442383,38.586825,-109.525271
3,1282.002374,0.713892,1409.357178,38.586835,-109.525275
3,1439.946003,0.238947,1410.472168,38.586862,-109.526758
3,1439.946003,0.238947,1410.472168,38.586862,-109.526758
8,50181.821962,-1.125076,1418.634766,38.586705,-109.517677
2,846.465625,-0.326007,1403.312012,38.586784,-109.522211
3,1441.128214,0.237673,1410.360229,38.586866,-109.526771
3,1441.128214,0.237673,1410.360229,38.586866,-109.526771
3,2324.626735,-0.834085,1380.927246,38.586964,-109.532327
3,2324.626735,-0.834085,1380.927246,38.586964,-109.532327
3,1451.682397,1.032243,1409.336792,38.58687,-109.52688
3,1451.682397,1.032243,1409.336792,38.58687,-109.52688
2,847.463143,-0.245262,1403.189697,38.586791,-109.522219
3,1450.327923,0.937219,1409.452759,38.586875,-109.526868
3,1450.327923,0.937219,1409.452759,38.586875,-109.526868
3,1444.948633,0.336859,1409.873779,38.586878,-109.526812
3,1444.948633,0.336859,1409.873779,38.586878,-109.526812
3,1446.1756,0.490341,1409.685059,38.58688,-109.526825
3,1446.1756,0.490341,1409.685059,38.58688,-109.526825
3,2326.871376,-0.856487,1381.547729,38.586984,-109.532331
3,2326.871376,-0.856487,1381.547729,38.586984,-109.532331
2,851.415749,-0.072016,1402.997559,38.586814,-109.522253
8,50186.824747,-1.123589,1418.765381,38.586734,-109.517633
3,1278.218395,0.694979,1408.706299,38.586867,-109.525289
2,852.426495,-0.029148,1402.986694,38.586819,-109.522263
3,1277.001507,0.745131,1408.677002,38.586878,-109.525293
3,2329.729422,-0.928153,1382.389282,38.587009,-109.532333
3,2329.729422,-0.928153,1382.389282,38.587009,-109.532333
2,856.41443,0.076533,1403.017212,38.586838,-109.522301
2,857.432293,0.113943,1402.987305,38.586843,-109.522312
8,50191.638604,-1.147868,1418.226074,38.586764,-109.517591
2,861.446284,0.302307,1403.185425,38.586856,-109.522354
3,2331.988217,-0.940053,1383.225098,38.587029,-109.532334
3,2331.988217,-0.940053,1383.225098,38.587029,-109.532334
2,862.464223,0.315789,1403.260742,38.586859,-109.522365
3,1273.143915,0.764204,1408.278076,38.586911,-109.525303
2,866.482911,0.425363,1403.386475,38.586869,-109.522409
2,867.508503,0.462946,1403.316406,38.586871,-109.52242
3,1271.974485,0.736638,1408.11853,38.586921,-109.525307
2,871.520833,0.485612,1403.190186,38.586877,-109.522465
2,872.523981,0.44129,1403.128174,38.586879,-109.522477
3,2334.738099,-0.925748,1384.301514,38.587054,-109.532335
3,2334.738099,-0.925748,1384.301514,38.587054,-109.532335
2,876.454755,0.310723,1402.947754,38.586889,-109.52252
8,50196.001287,-1.037264,1418.363037,38.586806,-109.517574
2,877.464026,0.282159,1403.009521,38.586893,-109.522531
2,881.467533,0.392547,1402.5,38.586904,-109.522575
2,881.467533,0.392547,1402.5,38.586904,-109.522575
3,2336.89395,-0.852648,1385.175537,38.587074,-109.532337
3,2336.89395,-0.852648,1385.175537,38.587074,-109.532337
3,1268.283204,0.555317,1407.5979,38.586953,-109.525324
2,882.490433,0.424505,1402.345825,38.586906,-109.522586
2,882.490433,0.424505,1402.345825,38.586906,-109.522586
2,886.522392,0.499827,1401.801758,38.586912,-109.522631
2,886.522392,0.499827,1401.801758,38.586912,-109.522631
2,887.529552,0.493172,1401.753906,38.586914,-109.522643
2,887.529552,0.493172,1401.753906,38.586914,-109.522643
3,1267.123789,0.489102,1407.374512,38.586962,-109.525331
2,891.497959,0.445022,1401.99939,38.586921,-109.522687
2,891.497959,0.445022,1401.99939,38.586921,-109.522687
2,892.507078,0.434876,1401.982544,38.586923,-109.522699
2,892.507078,0.434876,1401.982544,38.586923,-109.522699
2,896.465443,0.365498,1402.06604,38.586932,-109.522743
3,2339.601235,-0.81024,1385.88269,38.587099,-109.532343
3,2339.601235,-0.81024,1385.88269,38.587099,-109.532343
2,897.469926,0.348731,1402.046387,38.586935,-109.522754
8,50200.543605,-0.57921,1419.213013,38.586849,-109.517584
2,901.45341,0.337769,1401.976685,38.586945,-109.522798
3,1263.383285,0.332116,1407.231934,38.58699,-109.525357
2,902.468769,0.338028,1401.978027,38.586948,-109.522809
3,2341.836348,-0.809838,1386.405762,38.587118,-109.532348
3,2341.836348,-0.809838,1386.405762,38.587118,-109.532348
3,1262.21312,0.311046,1407.329712,38.586998,-109.525365
2,906.451693,0.319523,1401.999756,38.586959,-109.522852
2,907.46361,0.289566,1402.104614,38.586963,-109.522863
2,911.418559,0.169479,1402.560425,38.586978,-109.522905
3,2344.589709,-0.807777,1387.281372,38.587143,-109.532354
3,2344.589709,-0.807777,1387.281372,38.587143,-109.532354
8,50205.473611,-0.482604,1418.806885,38.586889,-109.517612
2,912.428714,0.168877,1402.582275,38.586982,-109.522915
3,1258.373833,0.385777,1407.686279,38.587025,-109.525392
3,1257.183207,0.403873,1407.822388,38.587034,-109.5254
2,916.413607,0.20632,1402.97168,38.586997,-109.522956
2,916.413607,0.20632,1402.97168,38.586997,-109.522956
3,2346.819047,-0.790572,1388.211426,38.587162,-109.53236
3,2346.819047,-0.790572,1388.211426,38.587162,-109.53236
2,917.436,0.236856,1403.063965,38.587001,-109.522967
2,917.436,0.236856,1403.063965,38.587001,-109.522967
2,921.446679,0.354801,1403.339478,38.587012,-109.52301
2,921.446679,0.354801,1403.339478,38.587012,-109.52301
2,922.473495,0.393563,1403.415405,38.587015,-109.523022
2,922.473495,0.393563,1403.415405,38.587015,-109.523022
8,50210.4105,-0.328698,1418.39917,38.586925,-109.517646
3,1253.361914,0.393456,1408.098755,38.587062,-109.525425
2,926.495536,0.468668,1403.995972,38.587022,-109.523066
2,926.495536,0.468668,1403.995972,38.587022,-109.523066
2,927.507106,0.4667,1404.078857,38.587024,-109.523078
2,927.507106,0.4667,1404.078857,38.587024,-109.523078
3,2349.580094,-0.797325,1389.229858,38.587187,-109.532366
3,2349.580094,-0.797325,1389.229858,38.587187,-109.532366
3,1252.187552,0.397844,1408.137329,38.587071,-109.525433
2,931.454913,0.343967,1403.743652,38.587033,-109.523122
2,931.454913,0.343967,1403.743652,38.587033,-109.523122
2,932.461787,0.306022,1403.762329,38.587036,-109.523133
2,932.461787,0.306022,1403.762329,38.587036,-109.523133
3,2351.852001,-0.822866,1389.88269,38.587207,-109.532371
2,936.416375,0.223967,1403.432129,38.58705,-109.523175
2,936.416375,0.223967,1403.432129,38.58705,-109.523175
2,937.432517,0.216474,1403.616211,38.587053,-109.523186
2,937.432517,0.216474,1403.616211,38.587053,-109.523186
8,50215.43654,-0.467043,1418.484131,38.586961,-109.517681
3,1248.37531,0.379556,1408.047852,38.587099,-109.525458
2,941.423179,0.240628,1403.657959,38.587067,-109.523228
2,941.423179,0.240628,1403.657959,38.587067,-109.523228
3,1247.186515,0.421545,1408.018555,38.587108,-109.525466
2,942.433801,0.247979,1403.537354,38.587071,-109.523239
2,942.433801,0.247979,1403.537354,38.587071,-109.523239
3,2354.62298,-0.844285,1390.229736,38.587231,-109.532376
2,946.434834,0.324667,1404.215942,38.587084,-109.523282
2,946.434834,0.324667,1404.215942,38.587084,-109.523282
2,947.452485,0.394315,1404.285156,38.587086,-109.523293
2,947.452485,0.394315,1404.285156,38.587086,-109.523293
2,961.577186,0.609341,1403.88208,38.587089,-109.523453
2,961.577186,0.609341,1403.88208,38.587089,-109.523453
2,957.613397,0.659962,1403.826782,38.587088,-109.523407
2,957.613397,0.659962,1403.826782,38.587088,-109.523407
2,956.60279,0.663719,1403.914551,38.587088,-109.523396
2,956.60279,0.663719,1403.914551,38.587088,-109.523396
2,962.574044,0.553455,1403.885864,38.58709,-109.523465
2,962.574044,0.553455,1403.885864,38.58709,-109.523465
2,952.622954,0.678809,1404.286865,38.587088,-109.52335
2,952.622954,0.678809,1404.286865,38.587088,-109.52335
2,951.596514,0.662569,1404.367188,38.587089,-109.523338
2,951.596514,0.662569,1404.367188,38.587089,-109.523338
2,966.481533,0.439015,1404.164795,38.587097,-109.52351
2,966.481533,0.439015,1404.164795,38.587097,-109.52351
3,2356.923964,-0.902767,1390.479004,38.587251,-109.532379
2,967.492199,0.428593,1404.083496,38.587099,-109.523521
2,967.492199,0.428593,1404.083496,38.587099,-109.523521
3,1243.337126,0.472762,1407.601318,38.587137,-109.525488
3,1243.337126,0.472762,1407.601318,38.587137,-109.525488
8,50220.836751,-1.024582,1418.568115,38.587004,-109.517691
2,971.442193,0.273912,1403.917603,38.587109,-109.523565
2,971.442193,0.273912,1403.917603,38.587109,-109.523565
2,972.429478,0.19591,1404.047119,38.587113,-109.523575
2,972.429478,0.19591,1404.047119,38.587113,-109.523575
3,1242.148307,0.525149,1407.408325,38.587147,-109.525495
3,1242.148307,0.525149,1407.408325,38.587147,-109.525495
3,2359.724352,-0.935416,1390.582153,38.587276,-109.532381
2,976.423257,0.289442,1404.12207,38.587127,-109.523617
2,976.423257,0.289442,1404.12207,38.587127,-109.523617
2,977.442865,0.267159,1404.313232,38.58713,-109.523628
2,977.442865,0.267159,1404.313232,38.58713,-109.523628
3,2361.975377,-0.931479,1390.546143,38.587296,-109.532381
2,981.406758,0.184836,1404.684814,38.587146,-109.523669
2,981.406758,0.184836,1404.684814,38.587146,-109.523669
3,1238.22038,0.710648,1406.644775,38.587179,-109.525511
3,1238.22038,0.710648,1406.644775,38.587179,-109.525511
8,50226.444837,-1.161484,1418.331787,38.587045,-109.517666
2,982.419532,0.193955,1404.810059,38.58715,-109.52368
2,982.419532,0.193955,1404.810059,38.58715,-109.52368
3,1236.997795,0.756397,1406.281494,38.587189,-109.525514
3,1236.997795,0.756397,1406.281494,38.587189,-109.525514
2,986.41215,0.252636,1404.706421,38.587164,-109.523722
2,986.41215,0.252636,1404.706421,38.587164,-109.523722
2,987.433918,0.276794,1404.66333,38.587167,-109.523733
2,987.433918,0.276794,1404.66333,38.587167,-109.523733
3,2364.74154,-0.941101,1390.424072,38.587321,-109.532382
2,991.429345,0.305449,1404.914917,38.587179,-109.523776
2,991.429345,0.305449,1404.914917,38.587179,-109.523776
2,992.441689,0.27876,1404.921875,38.587182,-109.523787
2,992.441689,0.27876,1404.921875,38.587182,-109.523787
8,50231.923115,-1.098961,1418.251709,38.587078,-109.517629
3,2366.98031,-0.941606,1390.26416,38.587341,-109.532383
3,1232.95222,0.964104,1405.207642,38.587223,-109.525518
3,1232.95222,0.964104,1405.207642,38.587223,-109.525518
2,996.383262,0.015268,1404.937988,38.5872,-109.523826
3,1231.72067,0.97713,1405.152466,38.587234,-109.525518
3,1231.72067,0.97713,1405.152466,38.587234,-109.525518
2,997.396056,-0.042871,1404.93396,38.587205,-109.523836
8,50236.990169,-1.071703,1418.499023,38.587104,-109.517582
3,2369.740017,-0.938966,1390.139648,38.587366,-109.532384
2,1001.39562,-0.192058,1404.779419,38.587229,-109.52387
8,50242.260954,-0.893324,1418.414917,38.587122,-109.517529
2,1002.421645,-0.271255,1404.817627,38.587236,-109.523878
3,2371.976793,-0.934163,1390.088623,38.587386,-109.532385
3,1227.743622,1.088309,1404.797607,38.587268,-109.525513
3,1227.743622,1.088309,1404.797607,38.587268,-109.525513
8,50246.83643,-1.106295,1418.2052,38.587138,-109.517476
3,1226.419819,1.117003,1404.682129,38.587278,-109.525509
3,1226.419819,1.117003,1404.682129,38.587278,-109.525509
3,2374.725461,-0.927505,1390.025757,38.587411,-109.532386
2,1006.451297,-0.382079,1405.114868,38.587265,-109.523905
2,1007.463999,-0.38593,1405.086426,38.587272,-109.523912
3,1222.567484,1.121474,1403.740723,38.58731,-109.525494
3,1222.567484,1.121474,1403.740723,38.58731,-109.525494
3,2376.957035,-0.918213,1389.984497,38.587431,-109.532387
3,2376.957035,-0.918213,1389.984497,38.587431,-109.532387
8,50251.035354,-1.042074,1417.4646,38.587176,-109.517449
3,1221.385263,1.123229,1403.725098,38.58732,-109.52549
3,1221.385263,1.123229,1403.725098,38.58732,-109.52549
2,1011.441553,-0.374665,1405.122314,38.587301,-109.523939
2,1012.456698,-0.381464,1404.985229,38.587308,-109.523946
3,2379.701623,-0.90705,1389.897949,38.587456,-109.532389
3,2379.701623,-0.90705,1389.897949,38.587456,-109.532389
3,1217.36962,1.164569,1402.800049,38.587352,-109.525471
3,1217.36962,1.164569,1402.800049,38.587352,-109.525471
3,2381.863203,-0.78816,1389.503662,38.587476,-109.532393
3,2381.863203,-0.78816,1389.503662,38.587476,-109.532393
8,50255.632555,-0.676326,1416.485107,38.58722,-109.517455
3,1216.137665,1.162985,1402.459229,38.587361,-109.525464
3,1216.137665,1.162985,1402.459229,38.587361,-109.525464
2,1016.467852,-0.440168,1404.723145,38.587338,-109.523972
2,1017.487158,-0.444395,1404.64856,38.587346,-109.523978
3,2384.427137,-0.54605,1389.247192,38.587499,-109.532405
3,2384.427137,-0.54605,1389.247192,38.587499,-109.532405
3,1212.443747,1.146884,1402.642334,38.58739,-109.525442
3,1212.443747,1.146884,1402.642334,38.58739,-109.525442
8,50260.400104,-0.261369,1414.919556,38.587256,-109.51749
3,2386.563254,-0.34317,1388.776611,38.587515,-109.532421
3,2386.563254,-0.34317,1388.776611,38.587515,-109.532421
3,1211.377577,1.118032,1402.477783,38.5874,-109.525437
3,1211.377577,1.118032,1402.477783,38.5874,-109.525437
2,1021.478705,-0.470078,1405.197632,38.587376,-109.524002
2,1022.504829,-0.50037,1405.373535,38.587384,-109.524008
3,2389.278808,-0.162954,1388.865967,38.587533,-109.532443
3,2389.278808,-0.162954,1388.865967,38.587533,-109.532443
3,2391.506551,0.007968,1388.904297,38.587545,-109.532463
3,2391.506551,0.007968,1388.904297,38.587545,-109.532463
8,50265.381834,-0.222722,1413.306396,38.587288,-109.51753
3,1207.918534,0.951492,1402.584473,38.587434,-109.525431
3,1207.918534,0.951492,1402.584473,38.587434,-109.525431
3,2394.26313,0.047981,1388.961914,38.587558,-109.53249
3,2394.26313,0.047981,1388.961914,38.587558,-109.53249
2,1026.565844,-0.633031,1406.289307,38.587417,-109.524027
3,1206.79254,0.928209,1402.698975,38.587444,-109.525431
3,1206.79254,0.928209,1402.698975,38.587444,-109.525431
3,2396.506958,0.050186,1389.092773,38.587569,-109.532512
3,2396.506958,0.050186,1389.092773,38.587569,-109.532512
2,1027.582155,-0.600111,1406.288818,38.587425,-109.524032
8,50270.389445,-0.274581,1413.067505,38.587321,-109.517569
3,2399.264135,0.031889,1389.178101,38.587582,-109.532538
3,2399.264135,0.031889,1389.178101,38.587582,-109.532538
3,1202.824323,1.026049,1403.019775,38.587479,-109.525429
3,1202.824323,1.026049,1403.019775,38.587479,-109.525429
2,1031.450158,-0.361898,1406.232178,38.587456,-109.524056
2,1032.443505,-0.2989,1406.18335,38.587462,-109.524063
2,1032.443505,-0.2989,1406.18335,38.587462,-109.524063
3,1201.629547,1.032406,1402.849487,38.587489,-109.525427
3,1201.629547,1.032406,1402.849487,38.587489,-109.525427
8,50275.552262,-0.638277,1413.671753,38.58736,-109.517597
2,1036.39256,-0.176723,1406.109497,38.587488,-109.524095
2,1036.39256,-0.176723,1406.109497,38.587488,-109.524095
2,1037.404188,-0.119422,1405.995361,38.587494,-109.524104
2,1037.404188,-0.119422,1405.995361,38.587494,-109.524104
3,1197.680515,1.096286,1402.852295,38.587523,-109.525419
3,1197.680515,1.096286,1402.852295,38.587523,-109.525419
3,1196.335559,1.134559,1402.590088,38.587533,-109.525415
3,1196.335559,1.134559,1402.590088,38.587533,-109.525415
2,1041.262479,0.019869,1405.662842,38.587515,-109.52414
2,1041.262479,0.019869,1405.662842,38.587515,-109.52414
8,50281.193375,-1.140389,1413.608032,38.587403,-109.517608
2,1042.395767,0.066595,1405.55896,38.58752,-109.524151
2,1042.395767,0.066595,1405.55896,38.58752,-109.524151
2,1046.260267,0.036253,1405.201294,38.587538,-109.524189
2,1046.260267,0.036253,1405.201294,38.587538,-109.524189
3,1192.500091,1.140414,1402.19104,38.587564,-109.525396
3,1192.500091,1.140414,1402.19104,38.587564,-109.525396
2,1047.393964,0.029547,1405.072021,38.587544,-109.5242
2,1047.393964,0.029547,1405.072021,38.587544,-109.5242
8,50286.974852,-1.078579,1414.236938,38.587436,-109.51757
3,1191.288671,1.151184,1401.979492,38.587574,-109.525391
3,1191.288671,1.151184,1401.979492,38.587574,-109.525391
2,1051.257444,0.025142,1404.621094,38.587563,-109.524237
2,1051.257444,0.025142,1404.621094,38.587563,-109.524237
2,1052.392535,0.044889,1404.483398,38.587568,-109.524248
2,1052.392535,0.044889,1404.483398,38.587568,-109.524248
8,50292.003934,-1.055518,1415.206909,38.587459,-109.517521
3,1187.125957,1.156733,1401.177124,38.587602,-109.525366
3,1187.125957,1.156733,1401.177124,38.587602,-109.525366
2,1056.264872,0.135711,1404.053101,38.587586,-109.524286
2,1056.264872,0.135711,1404.053101,38.587586,-109.524286
2,1057.398444,0.165242,1403.869385,38.58759,-109.524298
2,1057.398444,0.165242,1403.869385,38.58759,-109.524298
3,1185.929939,1.14893,1400.849609,38.58761,-109.525357
3,1185.929939,1.14893,1400.849609,38.58761,-109.525357
8,50297.038442,-1.040913,1416.85791,38.587481,-109.517471
2,1061.272762,0.19577,1403.134399,38.587605,-109.524338
2,1061.272762,0.19577,1403.134399,38.587605,-109.524338
2,1062.405735,0.19673,1403.033691,38.587609,-109.52435
2,1062.405735,0.19673,1403.033691,38.587609,-109.52435
3,1182.253304,1.157993,1400.067993,38.587636,-109.525328
3,1182.253304,1.157993,1400.067993,38.587636,-109.525328
8,50302.034928,-1.038927,1418.395264,38.587503,-109.517421
2,1066.264528,0.07039,1402.669556,38.587626,-109.524389
2,1066.264528,0.07039,1402.669556,38.587626,-109.524389
3,1181.086939,1.165143,1399.727783,38.587645,-109.52532
3,1181.086939,1.165143,1399.727783,38.587645,-109.52532
2,1067.385295,0.029438,1402.513428,38.587631,-109.5244
2,1067.385295,0.029438,1402.513428,38.587631,-109.5244
8,50307.061911,-1.028187,1419.863159,38.587524,-109.517371
2,1071.255381,0.010018,1402.009399,38.587651,-109.524436
2,1071.255381,0.010018,1402.009399,38.587651,-109.524436
2,1072.384333,0.022056,1401.864624,38.587656,-109.524447
2,1072.384333,0.022056,1401.864624,38.587656,-109.524447
3,1177.169104,1.157271,1398.620605,38.587672,-109.525294
3,1177.169104,1.157271,1398.620605,38.587672,-109.525294
3,1175.965936,1.151709,1398.494629,38.58768,-109.525285
8,50312.072084,-1.023308,1421.189453,38.587545,-109.51732
2,1076.260994,0.112184,1401.125854,38.587674,-109.524486
2,1076.260994,0.112184,1401.125854,38.587674,-109.524486
2,1077.386986,0.116498,1400.873901,38.587679,-109.524497
2,1077.386986,0.116498,1400.873901,38.587679,-109.524497
3,1172.132442,1.150592,1398.505859,38.587706,-109.525256
8,50316.8339,-1.121773,1421.128784,38.587567,-109.51727
2,1081.26596,0.153034,1400.498291,38.587695,-109.524536
2,1081.26596,0.153034,1400.498291,38.587695,-109.524536
2,1082.392652,0.177965,1400.284546,38.5877,-109.524548
2,1082.392652,0.177965,1400.284546,38.5877,-109.524548
3,1170.980675,1.155056,1398.55896,38.587714,-109.525247
2,1086.261955,0.09643,1399.739136,38.587715,-109.524587
2,1086.261955,0.09643,1399.739136,38.587715,-109.524587
2,1087.377354,-0.069527,1399.687378,38.587722,-109.524598
2,1087.377354,-0.069527,1399.687378,38.587722,-109.524598
8,50321.636717,-1.159296,1420.886963,38.5876,-109.517231
3,1167.072245,1.144151,1398.960815,38.587739,-109.525217
3,1165.920435,1.14804,1399.002441,38.587747,-109.525208
2,1091.308907,-0.419208,1399.621582,38.587749,-109.524626
2,1092.491927,-0.552618,1399.537354,38.587758,-109.524632
3,1162.365076,1.158896,1398.448853,38.587774,-109.525181
8,50326.075048,-1.05718,1422.474487,38.587638,-109.517201
3,1161.250364,1.147982,1398.264893,38.587783,-109.525175
2,1096.474283,-0.673794,1399.450073,38.58779,-109.524647
2,1097.585695,-0.638432,1399.533691,38.5878,-109.524652
3,1157.519316,1.133906,1397.71167,38.587815,-109.525157
8,50330.646071,-0.705123,1422.993164,38.587682,-109.517209
3,1156.327686,1.14002,1397.719482,38.587825,-109.525152
2,1101.399329,-0.53784,1399.978027,38.587831,-109.524671
2,1102.508723,-0.511341,1399.986816,38.58784,-109.524677
3,1152.419751,1.152495,1397.799805,38.587856,-109.525133
8,50335.446883,-0.445988,1422.114014,38.587721,-109.517238
3,1151.250003,1.151585,1397.709106,38.587865,-109.525127
8,50516.9392,-0.622611,1425.686279,38.587708,-109.515814
2,1106.361743,-0.474806,1399.806152,38.58787,-109.5247
8,50512.111404,-0.383387,1425.693848,38.587717,-109.515871
2,1107.482086,-0.46361,1399.784668,38.587879,-109.524707
8,50520.5755,-1.051132,1425.503174,38.587728,-109.515771
3,1146.890422,1.108128,1397.503174,38.587893,-109.525102
8,50507.171619,-0.155426,1425.557373,38.587736,-109.515923
8,50340.480727,-0.51813,1421.060181,38.58776,-109.517267
3,1145.625153,1.059961,1397.507324,38.587899,-109.525091
2,1111.326598,-0.414248,1399.188599,38.587908,-109.524732
8,50502.172554,-0.180289,1425.666626,38.587756,-109.515974
3,1141.745859,1.033438,1396.953369,38.587916,-109.525053
2,1112.453757,-0.398516,1399.196167,38.587916,-109.524739
3,1140.558193,1.025303,1396.969482,38.587921,-109.525041
8,50524.932997,-0.293605,1424.775879,38.587769,-109.515791
8,50497.158561,-0.252081,1426.021484,38.587774,-109.516027
8,50345.490999,-0.545963,1419.065186,38.5878,-109.517293
3,1136.595091,0.945988,1397.621704,38.587936,-109.525001
3,1135.419789,0.943152,1397.839844,38.58794,-109.524989
8,50492.140589,-0.324092,1426.297241,38.587789,-109.516081
2,1116.258463,-0.066564,1398.578857,38.587941,-109.524769
2,1117.379255,0.059831,1398.410522,38.587947,-109.52478
3,1131.546698,0.903537,1398.772583,38.58795,-109.524947
3,1130.366385,0.903797,1398.932739,38.587953,-109.524934
8,50487.123747,-0.375875,1426.782837,38.587802,-109.516136
8,50529.874794,-0.065664,1424.432617,38.587798,-109.515835
2,1121.298087,0.43637,1398.790771,38.587959,-109.524821
2,1122.517095,0.586918,1399.098022,38.58796,-109.524834
2,1126.431731,0.60029,1399.283936,38.587961,-109.524879
2,1126.431731,0.60029,1399.283936,38.587961,-109.524879
2,1126.431731,0.60029,1399.283936,38.587961,-109.524879
2,1127.4,0.636095,1399.206055,38.587961,-109.524891
2,1127.4,0.636095,1399.206055,38.587961,-109.524891
2,1127.4,0.636095,1399.206055,38.587961,-109.524891
8,50483.91447,-0.395625,1426.964355,38.58781,-109.516171
8,50482.584937,-0.442468,1427.086914,38.587813,-109.516186
8,50482.096885,-0.446209,1427.131348,38.587814,-109.516191
2,1126.583925,0.024824,1399.22644,38.587966,-109.52488
2,1126.583925,0.024824,1399.22644,38.587966,-109.52488
2,1126.583925,0.024824,1399.22644,38.587966,-109.52488
8,50480.772883,-0.446054,1427.111328,38.587816,-109.516206
8,50479.892974,-0.359421,1427.033081,38.587819,-109.516216
8,50479.593501,-0.318061,1427.033081,38.58782,-109.516219
8,50479.126392,-0.24777,1427.112671,38.587822,-109.516224
8,50350.532102,-0.616531,1417.464478,38.587841,-109.517318
8,50477.659331,-0.096317,1427.001099,38.587828,-109.516239
8,50534.875391,0.076418,1424.199707,38.587823,-109.515882
8,50539.872537,0.026641,1424.154541,38.587847,-109.515931
8,52061.551521,0.559921,1398.822754,38.588007,-109.524901
8,52061.551521,0.559921,1398.822754,38.588007,-109.524901
8,52061.551521,0.559921,1398.822754,38.588007,-109.524901
8,50472.505138,0.565583,1426.570068,38.587862,-109.516276
8,50355.591527,-0.715967,1416.073975,38.587883,-109.517337
8,50544.908214,-0.323908,1423.84668,38.587877,-109.515973
8,50467.619529,-0.378637,1425.846191,38.587884,-109.516324
8,50462.629688,-0.262637,1425.190796,38.587896,-109.516379
8,52056.582744,0.515859,1398.276855,38.588047,-109.524929
8,50360.663952,-0.817252,1414.9552,38.587927,-109.517352
8,50457.621539,-0.301711,1424.504761,38.587912,-109.516433
8,50549.953515,-0.42411,1423.797852,38.587914,-109.516006
8,50452.642075,-0.216623,1424.067993,38.58793,-109.516485
8,52051.598314,0.479389,1397.336182,38.588086,-109.524957
8,50447.641752,-0.225536,1423.468262,38.587948,-109.516538
8,50553.297382,-0.440908,1423.484375,38.587939,-109.516027
8,50365.836664,-0.969344,1414.334229,38.587971,-109.517357
8,50442.64109,-0.277812,1422.734863,38.587966,-109.516591
8,50437.606769,-0.398095,1422.156982,38.58798,-109.516645
8,52046.581978,0.528324,1397.388184,38.588125,-109.524986
8,52046.581978,0.528324,1397.388184,38.588125,-109.524986
8,50558.337156,-0.52643,1422.877686,38.587978,-109.516056
8,50432.635425,-0.259448,1421.101685,38.587992,-109.5167
8,50371.194982,-1.131089,1413.670166,38.588015,-109.517346
8,50427.656234,-0.171837,1419.654297,38.588012,-109.516752
8,52041.576277,0.527293,1396.852539,38.588164,-109.525013
8,52041.576277,0.527293,1396.852539,38.588164,-109.525013
8,50422.621332,-0.333586,1418.280273,38.588028,-109.516805
8,50563.384257,-0.662389,1422.230835,38.588019,-109.51608
8,50397.471947,-0.651064,1414.861816,38.588042,-109.517089
8,50402.422161,-0.703726,1415.166748,38.588041,-109.517032
8,50417.593385,-0.426683,1416.867188,38.58804,-109.516861
8,50392.591502,-0.390503,1414.680542,38.588047,-109.517146
8,50407.415153,-0.750969,1415.495605,38.588045,-109.516975
8,50376.972909,-1.073156,1412.353149,38.588051,-109.517311
8,50412.529856,-0.581891,1415.951294,38.588046,-109.516917
8,50387.636275,-0.381655,1414.082642,38.588061,-109.5172
8,50382.441198,-0.714292,1413.596436,38.588064,-109.517257
8,52036.597468,0.466888,1395.825317,38.588203,-109.525042
8,52036.597468,0.466888,1395.825317,38.588203,-109.525042
8,50569.275657,-1.164457,1421.542603,38.588062,-109.516079
8,52031.634868,0.394802,1396.976318,38.588241,-109.525074
8,50574.699301,-1.117537,1420.428345,38.588093,-109.516039
8,52026.684678,0.238288,1397.182617,38.588275,-109.525111
8,50579.777257,-1.088285,1419.833252,38.588119,-109.515992
8,50579.777257,-1.088285,1419.833252,38.588119,-109.515992
8,52021.695639,0.14293,1397.893799,38.588306,-109.525153
8,50584.625679,-1.131246,1420.716553,38.588147,-109.515947
8,52016.692803,0.232254,1398.568359,38.588337,-109.525194
8,50589.251146,-1.155956,1421.905518,38.588181,-109.515909
8,52014.005661,0.330903,1399.222168,38.588355,-109.525214
8,52013.404658,0.369891,1399.437256,38.588359,-109.525218
8,52013.15308,0.395485,1399.437256,38.588361,-109.52522
8,52011.873411,0.519114,1399.549316,38.588371,-109.525227
8,52010.992351,0.597692,1399.722656,38.588378,-109.525231
8,50593.340839,-0.426862,1422.707275,38.588223,-109.515918
8,51973.968929,0.586757,1393.922485,38.588407,-109.524893
8,50598.217707,-0.052611,1422.28125,38.588252,-109.515962
8,51969.275405,0.854053,1394.908203,38.588406,-109.524836
8,51978.888164,0.44752,1394.318359,38.588415,-109.52495
8,52004.824668,1.153613,1400.230469,38.588421,-109.525227
8,51983.895135,0.451044,1396.290405,38.588425,-109.525006
8,51988.868192,0.398904,1398.163818,38.588435,-109.525062
8,51965.036969,1.161761,1395.282227,38.588431,-109.524789
8,51999.122365,0.801222,1399.836914,38.588438,-109.525175
8,50603.211181,-0.065064,1421.836426,38.588279,-109.516007
8,51993.944385,0.60354,1399.049561,38.588442,-109.525118
8,50608.213232,0.108147,1421.265137,38.588303,-109.516055
8,51960.365743,1.087604,1394.401001,38.588473,-109.524772
8,50613.223552,0.148182,1420.400635,38.588324,-109.516106
8,50618.208147,-0.004887,1419.882202,38.588348,-109.516155
8,51955.34736,1.099347,1395.080566,38.588517,-109.524757
8,50623.206844,0.031236,1418.864502,38.588373,-109.516202
8,51069.789734,0.67116,1401.605713,38.588437,-109.519055
8,51089.734099,0.648172,1405.866455,38.588444,-109.519283
8,51094.717541,0.623141,1407.234131,38.588446,-109.519341
8,51099.714715,0.624945,1408.286133,38.588447,-109.519398
8,51074.649225,0.503385,1402.606323,38.588443,-109.519111
8,51084.779195,0.709669,1404.66626,38.588445,-109.519226
8,51104.707868,0.61058,1408.559326,38.588449,-109.519455
8,51079.722726,0.655143,1403.889404,38.588447,-109.519169
8,50628.212348,0.072747,1418.227173,38.588397,-109.516251
8,51109.622096,0.441402,1408.056885,38.588456,-109.519512
8,51065.302909,1.086396,1401.170776,38.588449,-109.519001
8,51114.613515,0.431055,1407.402222,38.588466,-109.519568
8,51950.336213,1.100268,1395.858398,38.58856,-109.524742
8,51119.618057,0.433424,1407.072266,38.588476,-109.519624
8,50633.215375,0.138514,1417.623535,38.588419,-109.516301
8,51124.612962,0.418649,1405.409546,38.588486,-109.51968
8,50638.213852,0.146058,1416.462646,38.58844,-109.516352
8,51129.570428,0.297645,1404.650269,38.5885,-109.519734
8,51061.012645,1.121232,1401.061279,38.588487,-109.51897
8,51134.567003,0.300748,1403.674805,38.588515,-109.519788
8,51945.240872,1.127257,1396.6521,38.588603,-109.524724
8,50643.214839,0.127387,1415.954102,38.588461,-109.516403
8,51139.556673,0.224482,1403.070801,38.588531,-109.519842
8,50648.215089,0.121743,1415.760986,38.588482,-109.516453
8,51056.226368,1.027743,1401.317871,38.588531,-109.518959
8,51940.160105,1.146241,1397.670776,38.588644,-109.524701
8,51144.578793,-0.344563,1402.001343,38.588562,-109.519883
8,50653.208668,0.071769,1415.338013,38.588505,-109.516503
8,50658.205357,0.073349,1414.624756,38.588528,-109.516552
8,51051.207853,1.045637,1401.451172,38.588575,-109.518951
8,51149.586721,-0.356742,1400.536377,38.588598,-109.519918
8,51935.184955,1.140132,1398.421143,38.588685,-109.524677
8,50663.209373,0.111588,1413.171631,38.588551,-109.516602
8,50668.208334,0.120928,1412.807373,38.588573,-109.516652
8,51154.567992,-0.283985,1399.755371,38.588632,-109.519955
8,51046.342294,0.965774,1402.104004,38.58862,-109.518946
8,51930.156361,1.148624,1398.550781,38.588726,-109.524653
8,50673.222461,0.20589,1412.932373,38.588592,-109.516704
8,51159.565506,-0.276236,1398.816528,38.588666,-109.519993
8,50678.216247,0.194672,1413.285278,38.588611,-109.516756
8,51041.469126,0.870935,1402.171143,38.588665,-109.518951
8,51878.848728,0.224254,1400.444092,38.588756,-109.524168
8,51924.985166,1.159362,1398.262085,38.588766,-109.524627
8,51874.5367,1.078494,1400.924561,38.588758,-109.524114
8,50683.205493,0.094175,1413.203613,38.588632,-109.516806
8,51164.559472,-0.285376,1398.154541,38.5887,-109.520031
8,50688.196331,-0.013822,1413.144043,38.588656,-109.516855
8,51883.849505,-0.317631,1400.65979,38.588786,-109.524211
8,51919.519803,1.078546,1397.339478,38.588796,-109.524584
8,51870.067868,1.156403,1401.067383,38.588791,-109.524076
8,51036.433107,0.9,1402.627197,38.58871,-109.518957
8,51169.631242,-0.492916,1397.919312,38.588736,-109.520065
8,51914.242459,0.910988,1396.189453,38.588815,-109.524533
8,50693.24381,-0.304294,1413.197266,38.588689,-109.516894
8,51888.810122,-0.014828,1400.867432,38.588818,-109.524251
8,51909.11432,0.796441,1397.312622,38.588826,-109.524477
8,51904.03244,0.695532,1398.624512,38.588831,-109.52442
8,51893.942486,0.575576,1399.876099,38.58883,-109.524305
8,51899.012706,0.657505,1399.518555,38.588832,-109.524363
8,51865.11197,1.156115,1400.809204,38.588831,-109.52405
8,51031.163181,1.078725,1402.609253,38.588754,-109.518953
8,51174.666452,-0.549391,1397.089355,38.588776,-109.520091
8,50698.213145,-0.16732,1412.795166,38.588722,-109.516933
8,51860.289376,1.114972,1400.597168,38.588872,-109.524027
8,50703.209871,-0.139428,1413.557617,38.588752,-109.516976
8,51179.664803,-0.546424,1396.689209,38.588816,-109.520117
8,51026.042622,1.107983,1402.509277,38.588798,-109.518937
8,50708.210253,-0.140451,1414.32959,38.588782,-109.517019
8,51855.308984,1.114147,1401.267212,38.588915,-109.524009
8,51184.665539,-0.563288,1397.134644,38.588856,-109.520143
8,51021.248858,1.016224,1402.560425,38.588842,-109.518926
8,50713.206419,-0.133848,1415.248047,38.588811,-109.517062
8,50718.200118,0.047851,1416.112061,38.588838,-109.517108
8,51850.521731,1.014217,1401.020264,38.588959,-109.523996
8,51189.718435,-0.637985,1397.241699,38.588897,-109.520166
8,51016.532473,0.801136,1403.095459,38.588886,-109.518931
8,50723.196316,0.060894,1416.806519,38.588862,-109.517157
8,50728.20044,0.070787,1416.730835,38.588885,-109.517206
8,51845.641299,0.930235,1400.831177,38.589004,-109.523995
8,51194.718973,-0.648135,1396.910278,38.588939,-109.520187
8,51011.689547,0.557916,1402.925049,38.588929,-109.518951
8,50733.207592,0.171178,1416.958862,38.588907,-109.517257
8,50738.20729,0.183079,1416.469482,38.588926,-109.517308
8,50738.555319,0.182104,1416.469482,38.588927,-109.517312
8,51841.069441,0.279068,1400.844116,38.589044,-109.524017
8,51199.665477,-0.518479,1396.862427,38.58898,-109.520211
8,51006.818425,0.294674,1402.841431,38.588965,-109.518984
8,50743.55677,0.183443,1415.820557,38.588947,-109.517364
8,51836.133352,-0.068008,1401.161133,38.589072,-109.524062
8,50748.554708,0.171898,1414.993042,38.588966,-109.517415
8,51204.605228,-0.426819,1396.833374,38.589018,-109.520242
8,51001.851371,0.170459,1403.385986,38.588997,-109.519025
8,51831.133312,0.013518,1400.827026,38.589094,-109.524112
8,50753.543586,0.043404,1413.666504,38.588989,-109.517465
8,50996.848009,0.198647,1403.885498,38.589028,-109.519066
8,51826.134484,-0.051841,1400.577148,38.58912,-109.524158
8,51209.612012,-0.47649,1396.811523,38.589056,-109.520273
8,50758.549366,0.113918,1412.911987,38.589012,-109.517515
8,51821.13403,0.088932,1400.60498,38.589147,-109.524204
8,50763.54578,0.127443,1412.198486,38.589033,-109.517565
8,50991.817474,0.367353,1403.983643,38.589062,-109.519103
8,51214.708163,-0.640105,1396.994873,38.589097,-109.520297
8,50768.547689,0.136501,1411.083862,38.589054,-109.517616
8,51816.122375,0.151483,1400.404663,38.589177,-109.524247
8,50773.550331,0.151132,1410.1427,38.589075,-109.517666
8,50986.173324,1.080858,1403.869873,38.589104,-109.519118
8,50949.727211,0.621318,1398.091797,38.589101,-109.518737
8,50944.787184,0.704514,1397.856079,38.589101,-109.518679
8,50954.721574,0.617731,1398.260254,38.589103,-109.518794
8,50939.788011,0.712649,1397.637451,38.589103,-109.518622
8,50959.672787,0.481041,1399.173096,38.589107,-109.518851
8,50935.714482,0.785764,1397.007446,38.589105,-109.518574
8,51219.711398,-0.638576,1397.397949,38.589139,-109.520319
8,50778.565871,0.233904,1408.570068,38.589094,-109.517719
8,51811.063066,0.406208,1400.033936,38.589211,-109.524285
8,50964.602637,0.371093,1400.44165,38.58912,-109.518906
8,50964.602637,0.371093,1400.44165,38.58912,-109.518906
8,50933.115929,1.121445,1396.460083,38.589115,-109.51854
8,50969.652174,0.52128,1401.412598,38.589128,-109.518962
8,50979.764622,0.708946,1403.544922,38.589132,-109.519077
8,50974.719623,0.619955,1402.378906,38.589131,-109.51902
8,50783.564308,0.245893,1407.334473,38.589112,-109.517771
8,50788.567725,0.259905,1405.616699,38.589128,-109.517825
8,51806.100491,0.231327,1400.022705,38.589246,-109.52432
8,51224.802275,-0.809863,1397.84082,38.589181,-109.520337
8,50929.142538,0.712421,1396.158936,38.589156,-109.518531
8,50793.56236,0.229687,1405.601196,38.589145,-109.517878
8,50798.534713,-0.019266,1406.170654,38.589169,-109.517927
8,51800.864358,0.791459,1399.302002,38.589284,-109.524348
8,50924.466708,0.003444,1395.387451,38.589189,-109.51857
8,51230.126712,-1.027267,1398.452881,38.589226,-109.520334
8,50803.53928,-0.123921,1406.005981,38.589196,-109.517972
8,50919.441133,-0.251132,1394.983887,38.589209,-109.518621
8,50914.437735,-0.252891,1394.881348,38.589225,-109.518675
8,51795.457728,1.071528,1398.705566,38.589329,-109.524344
8,51235.024279,-1.157229,1398.936401,38.589263,-109.520317
8,50808.586184,-0.34727,1405.388916,38.589231,-109.518009
8,50909.47006,0.000452,1394.977539,38.589247,-109.518725
8,51789.427413,1.04342,1397.619019,38.589366,-109.524314
8,51239.418669,-0.894521,1399.859009,38.589305,-109.5203
8,50904.430981,0.424395,1393.988037,38.589279,-109.518764
8,50813.611484,-0.42992,1404.759888,38.589267,-109.518043
8,51784.425057,1.007876,1396.515503,38.589381,-109.52426
8,51784.425057,1.007876,1396.515503,38.589381,-109.52426
8,51779.6642,1.109254,1394.851929,38.589404,-109.524211
8,51243.65479,-0.286767,1400.805664,38.58934,-109.520327
8,50818.644694,-0.512859,1404.552734,38.589305,-109.518073
8,50899.055056,0.915246,1394.154419,38.589322,-109.518781
8,51248.598027,0.141912,1401.551758,38.589366,-109.520374
8,51775.592663,0.949828,1394.768677,38.589442,-109.524185
8,51253.627088,0.273536,1402.093872,38.589383,-109.520427
8,50823.720891,-0.631519,1404.168091,38.589347,-109.518096
8,50893.206631,1.155788,1394.411377,38.589364,-109.518765
8,51258.634261,0.29082,1402.411011,38.589398,-109.520481
8,51261.144175,0.195431,1402.424561,38.589407,-109.520508
8,50827.299405,-0.525837,1403.697876,38.589376,-109.518113
8,51771.023695,0.475424,1393.575439,38.589483,-109.524207
8,51264.999349,0.296388,1402.374756,38.58942,-109.520549
8,50887.8688,1.081544,1395.13562,38.589394,-109.518722
8,50828.624935,-0.422214,1403.487061,38.589387,-109.518122
8,51635.843544,1.003684,1395.539063,38.589487,-109.523709
8,51269.97975,0.143238,1402.533569,38.589437,-109.520602
8,50829.932579,-0.766168,1403.577393,38.589398,-109.518127
8,51640.226509,-0.226102,1396.466431,38.589501,-109.523759
8,50882.833124,1.063274,1395.144287,38.589418,-109.518674
8,50832.159404,-0.087064,1403.375732,38.58941,-109.51815
8,51630.742155,0.958658,1394.549561,38.589507,-109.523658
8,51766.038729,0.445761,1392.36853,38.589521,-109.524238
8,51274.968984,-0.111044,1402.871582,38.589464,-109.520648
8,51625.879838,1.052097,1393.215698,38.589527,-109.523606
8,50877.81601,1.050947,1396.084961,38.589441,-109.518624
8,50837.153914,-0.017868,1402.887695,38.589435,-109.518198
8,51645.246903,-0.232423,1396.790039,38.589535,-109.523797
8,51761.082308,0.323262,1391.114014,38.589557,-109.524272
8,50872.732276,1.00984,1397.208008,38.589462,-109.518573
8,51620.805546,1.013914,1393.008423,38.589549,-109.523556
8,51648.141814,-0.193221,1396.795532,38.589553,-109.52382
8,51280.063792,-0.491743,1403.076538,38.5895,-109.520682
8,50842.150026,0.072275,1402.254883,38.589461,-109.518245
8,50867.653596,0.959242,1397.613037,38.58948,-109.518521
8,51615.841089,1.027551,1393.001465,38.589569,-109.523505
8,51651.717853,-0.14508,1396.812012,38.589575,-109.523851
8,50847.178386,0.254709,1401.01416,38.589479,-109.518298
8,51756.067581,0.380167,1389.656006,38.589593,-109.524306
8,50852.23452,0.439591,1399.665283,38.589491,-109.518353
8,50862.454982,0.820252,1397.813232,38.589495,-109.518467
8,50857.318206,0.622843,1398.578979,38.589497,-109.51841
8,51285.126047,-0.545811,1403.224121,38.58954,-109.520706
8,51611.003484,1.085691,1393.382324,38.589591,-109.523455
8,51300.087077,0.476378,1401.023926,38.589546,-109.520864
8,51295.444398,0.9235,1401.96936,38.589547,-109.520807
8,51656.715801,-0.141035,1396.820313,38.589605,-109.523894
8,51305.012323,0.323604,1401.265747,38.589559,-109.520918
8,51658.20313,-0.147752,1396.665527,38.589614,-109.523906
8,51290.050914,0.635858,1403.214844,38.589562,-109.520753
8,51751.120841,0.16066,1388.910889,38.589625,-109.524346
8,51309.983391,0.19946,1401.17749,38.589576,-109.520972
8,51606.25732,1.15648,1393.692627,38.58962,-109.523411
8,51660.961405,-0.149924,1396.650391,38.589631,-109.52393
8,51746.123014,-0.161469,1389.127197,38.589649,-109.524395
8,51314.972456,0.167833,1400.936279,38.589596,-109.521023
8,51665.960972,-0.094477,1396.824585,38.58966,-109.523973
8,51741.135735,0.050831,1389.54834,38.589672,-109.524444
8,51319.962795,0.094332,1400.949707,38.589616,-109.521074
8,51601.679655,1.120486,1394.092285,38.589661,-109.523389
8,51324.994881,0.313659,1401.07312,38.589637,-109.521125
8,51670.950851,-0.065139,1396.525757,38.589688,-109.524018
8,51736.121475,0.205733,1389.313843,38.589702,-109.524487
8,51330.049184,0.447602,1401.173096,38.589648,-109.52118
8,51335.052563,0.460919,1401.093994,38.589657,-109.521237
8,51675.949956,0.049413,1396.262695,38.589714,-109.524065
8,51596.607129,1.131252,1394.254883,38.589702,-109.523366
8,51340.034804,0.403311,1401.214966,38.589667,-109.521293
8,51731.067814,0.460712,1388.670654,38.589736,-109.524524
8,51595.1357,1.074485,1395.125,38.589717,-109.523361
8,51344.982233,0.24753,1401.523682,38.589682,-109.521346
8,51680.946756,-0.006636,1396.1604,38.589738,-109.524113
8,51349.9754,0.209124,1402.171631,38.5897,-109.521399
8,51593.313458,0.879917,1395.530029,38.589736,-109.52336
8,51592.2623,0.696206,1395.531006,38.589746,-109.523364
8,51354.971482,0.179587,1403.091675,38.58972,-109.521451
8,51685.952265,-0.062722,1395.421265,38.589767,-109.524158
8,51591.287808,0.498845,1395.686157,38.589755,-109.52337
8,51725.822113,0.845952,1389.630615,38.589779,-109.52454
8,51589.259352,0.220397,1395.621582,38.589769,-109.523387
8,51690.99001,0.308796,1394.375,38.589785,-109.52421
8,51359.972343,0.179987,1403.36438,38.589739,-109.521503
8,51588.740301,0.23975,1395.621582,38.589773,-109.523391
8,51696.043691,0.464904,1393.400146,38.589796,-109.524266
8,51701.079071,0.550633,1392.598267,38.589803,-109.524322
8,51586.385298,0.409369,1395.351685,38.589789,-109.523407
8,51364.971567,0.152426,1402.750977,38.589759,-109.521554
8,51706.063733,0.501131,1392.030396,38.589809,-109.524379
8,51585.538957,0.468563,1395.555664,38.589795,-109.523412
8,51711.018651,0.400626,1391.404785,38.589818,-109.524435
8,51719.825326,1.136831,1390.491699,38.589819,-109.524524
8,51716.048101,0.535644,1390.730225,38.589827,-109.524492
8,51583.636756,0.538136,1395.526367,38.58981,-109.523422
8,51369.957807,0.061446,1401.620361,38.589782,-109.521603
8,51581.287522,0.592037,1395.259766,38.589829,-109.523434
8,51374.959718,0.063181,1401.281738,38.589806,-109.521652
8,51379.954424,0.070937,1400.418091,38.589829,-109.521701
8,51576.211794,0.706209,1394.454346,38.589871,-109.523453
8,51384.955898,0.078844,1400.575928,38.589852,-109.521751
8,51389.954821,0.079053,1400.829102,38.589875,-109.5218
8,51571.20372,0.718408,1393.778198,38.589914,-109.52347
8,51394.952032,0.082084,1401.075684,38.589898,-109.521849
8,51399.962951,0.185853,1401.309204,38.589919,-109.5219
8,51565.830723,1.042275,1393.313354,38.589959,-109.523473
8,51404.969605,0.196895,1401.490479,38.589938,-109.521952
8,51409.964133,0.215169,1401.101929,38.589957,-109.522004
8,51415.008648,0.331131,1401.146484,38.589971,-109.522059
8,51560.345681,1.159184,1393.830322,38.590001,-109.523454
8,51485.114433,0.579329,1392.588379,38.589993,-109.522811
8,51480.209705,0.728845,1393.089233,38.589992,-109.522753
8,51419.975786,0.271197,1400.634766,38.589988,-109.522112
8,51475.320507,0.851265,1393.186279,38.589998,-109.522697
8,51490.000586,0.350933,1391.844238,38.590002,-109.522867
8,51470.37197,0.887739,1393.630127,38.590009,-109.522641
8,51494.980566,0.311349,1391.944702,38.590016,-109.522921
8,51424.972223,0.210348,1399.951294,38.590004,-109.522165
8,51554.657034,0.986026,1393.829834,38.590029,-109.52341
8,51465.457735,0.963622,1394.238647,38.590023,-109.522586
8,51499.963632,0.169333,1391.935547,38.590033,-109.522974
8,51549.661591,0.973844,1393.812012,38.590046,-109.523357
8,51429.957721,-0.133292,1398.836914,38.590032,-109.522211
8,51460.506794,0.991599,1392.804199,38.59004,-109.522533
8,51504.939809,0.02148,1391.253174,38.590057,-109.523023
8,51545.029625,1.124404,1393.405762,38.590067,-109.523306
8,51455.433234,0.95314,1392.700928,38.590058,-109.522481
8,51434.979003,0.330598,1396.946167,38.590054,-109.522259
8,51440.025296,0.424762,1395.89502,38.590065,-109.522315
8,51509.94518,-0.107095,1391.018066,38.590084,-109.523068
8,51450.419734,0.958214,1393.665283,38.590074,-109.522427
8,51445.02825,0.429296,1394.875366,38.590075,-109.522371
8,51540.603017,1.116045,1392.086426,38.590105,-109.523277
8,51514.966581,-0.294262,1390.717773,38.590115,-109.52311
8,51535.742012,1.083313,1390.179688,38.590149,-109.523265
8,51519.994747,-0.324449,1390.259766,38.590151,-109.523144
8,51524.941002,0.095436,1389.21167,38.590177,-109.523191
8,51530.360213,1.026823,1389.119873,38.590182,-109.523245
8,51530.360213,1.026823,1389.119873,38.590182,-109.523245
5,6623.820852,-1.160152,1402.378174,38.601094,-109.55473
5,6623.820852,-1.160152,1402.378174,38.601094,-109.55473
5,6644.827872,-0.309775,1400.034912,38.601094,-109.554524
5,6644.827872,-0.309775,1400.034912,38.601094,-109.554524
5,6649.2816,-0.997617,1398.967773,38.601093,-109.554469
5,6649.2816,-0.997617,1398.967773,38.601093,-109.554469
5,10141.996336,0.703517,1376.110596,38.600896,-109.542322
5,6639.888826,-0.118057,1400.333618,38.601115,-109.554575
5,6639.888826,-0.118057,1400.333618,38.601115,-109.554575
5,6629.406592,-0.980939,1400.983643,38.601122,-109.554685
5,6629.406592,-0.980939,1400.983643,38.601122,-109.554685
5,6653.651487,-1.157085,1397.088257,38.601121,-109.554425
5,6653.651487,-1.157085,1397.088257,38.601121,-109.554425
5,6634.809799,-0.476041,1400.506714,38.601129,-109.554629
5,6634.809799,-0.476041,1400.506714,38.601129,-109.554629
5,10136.86718,0.861504,1376.964355,38.60094,-109.542336
5,6657.845644,-0.671342,1396.060059,38.601164,-109.554423
5,6657.845644,-0.671342,1396.060059,38.601164,-109.554423
5,10131.704624,0.9722,1376.72229,38.600985,-109.542336
5,6662.578547,-0.30578,1395.779297,38.601198,-109.554459
5,6662.578547,-0.30578,1395.779297,38.601198,-109.554459
5,10126.678264,0.985777,1376.123535,38.60103,-109.542334
5,6667.732087,-0.61278,1394.752808,38.601238,-109.554486
5,6673.137032,-1.04402,1393.76001,38.601283,-109.554492
5,10121.857761,0.811984,1375.500488,38.601075,-109.542338
5,10117.041245,0.636843,1375.550537,38.601117,-109.542358
5,6678.438684,-1.122961,1392.373901,38.601325,-109.554475
5,10111.947052,0.760652,1375.919678,38.60116,-109.542375
5,6683.489468,-1.136337,1391.123291,38.601367,-109.554454
5,6688.511447,-1.14183,1390.36499,38.601409,-109.554431
5,10106.950292,0.75058,1376.123535,38.601204,-109.542389
5,10102.135,0.447059,1375.808838,38.601244,-109.542413
5,6693.549734,-1.146697,1389.798584,38.60145,-109.554407
5,10097.151186,0.406725,1376.261719,38.601281,-109.542446
5,6698.662452,-1.164912,1388.524536,38.601489,-109.55438
5,6703.986651,-1.136508,1387.390869,38.601523,-109.554343
5,10092.074189,0.687951,1376.7323,38.60132,-109.542474
5,6724.695099,-0.619938,1389.870117,38.601545,-109.554124
5,6709.553979,-0.861801,1387.000732,38.601548,-109.554295
5,6719.765235,-0.541197,1388.549072,38.601549,-109.554181
5,6714.714142,-0.654804,1386.901001,38.601553,-109.554238
5,6728.874097,-1.15157,1390.320313,38.601555,-109.554071
5,10086.603605,1.03185,1377.010986,38.601365,-109.542475
5,6733.212715,-1.024373,1390.093628,38.601597,-109.554053
5,10081.179245,1.159772,1376.563843,38.601408,-109.542456
5,10075.836396,1.139548,1377.257568,38.601443,-109.542421
5,6738.165798,-1.01481,1389.456787,38.601642,-109.554048
5,10070.888894,1.145901,1378.128052,38.601474,-109.54238
5,6743.438352,-1.133293,1388.750732,38.601686,-109.554034
5,10066.224461,1.147135,1380.404663,38.60151,-109.542346
5,6748.464946,-1.129448,1388.317139,38.601728,-109.554013
5,10061.617121,0.998324,1382.465332,38.601554,-109.542331
5,6753.43015,-1.122287,1387.794189,38.60177,-109.553992
5,10057.010848,0.653973,1383.032349,38.601598,-109.542341
5,6758.275479,-1.070756,1386.557739,38.601813,-109.553978
5,10052.17774,0.330374,1383.626709,38.601635,-109.542373
5,6763.113174,-0.981127,1385.565918,38.601858,-109.55397
5,10047.181508,0.319032,1384.069336,38.60167,-109.542409
5,10042.179203,0.339308,1384.498169,38.601705,-109.542445
5,6768.019309,-0.922782,1385.105713,38.601903,-109.553972
5,10037.175263,0.349016,1384.837402,38.601741,-109.54248
5,6772.972687,-0.855953,1385.079834,38.601948,-109.553976
5,10032.165176,0.38531,1384.797363,38.601777,-109.542514
5,6777.852724,-0.736502,1385.274658,38.601992,-109.553989
5,10027.165661,0.377421,1385.146362,38.601813,-109.542548
5,6782.693644,-0.520476,1384.868774,38.602032,-109.554013
5,10022.194272,0.280704,1385.15918,38.601848,-109.542584
5,6787.68814,-0.526784,1384.392578,38.602072,-109.554041
5,10017.20205,0.282374,1385.317139,38.601882,-109.542622
5,6792.709446,-0.568259,1384.485962,38.602112,-109.554067
5,10012.135854,0.485493,1384.574219,38.601918,-109.542656
5,6797.725408,-0.630144,1384.154297,38.602153,-109.554091
5,10007.11362,0.544929,1384.725586,38.601958,-109.542684
5,10001.97997,0.753909,1386.601929,38.602,-109.542704
5,6802.858826,-0.780711,1383.673096,38.602196,-109.554107
5,9996.761495,0.97196,1388.295654,38.602044,-109.54271
5,6807.864392,-0.781748,1383.347046,38.60224,-109.55412
5,9991.391318,1.12211,1389.931396,38.602088,-109.542696
5,6812.926943,-0.84223,1383.082397,38.602284,-109.55413
5,9985.921929,1.150223,1390.586792,38.602126,-109.542666
5,6817.96969,-0.884231,1382.861938,38.602329,-109.554138
5,9981.162323,1.154153,1390.255371,38.602161,-109.542631
5,6823.232787,-1.060691,1383.015259,38.602374,-109.554133
5,9976.667167,0.998623,1389.152954,38.602205,-109.542618
5,6829.08492,-1.110899,1382.77063,38.602412,-109.554105
5,6834.31392,-1.009038,1382.677979,38.602434,-109.554055
5,9971.604923,1.033363,1388.721924,38.60225,-109.542613
5,6839.256306,-1.015752,1382.740112,38.602453,-109.554003
5,9935.123592,0.649567,1386.436279,38.602252,-109.542246
5,9940.056576,0.551933,1386.030029,38.602255,-109.542303
5,9930.456341,0.967436,1387.058105,38.602257,-109.542189
5,9945.033,0.471158,1386.010742,38.602262,-109.54236
5,9949.986664,0.415409,1386.578125,38.602272,-109.542416
5,9955.005466,0.467425,1387.442749,38.602282,-109.542472
5,6843.97031,-1.133417,1382.31958,38.602479,-109.553957
5,9965.226434,0.87806,1388.923218,38.602286,-109.542586
5,9960.05855,0.58011,1388.408203,38.602288,-109.542529
5,9926.370803,1.10693,1387.439453,38.602288,-109.54215
5,6848.961386,-1.137478,1382.032959,38.60251,-109.553915
5,9921.973863,0.671537,1387.716797,38.602332,-109.542155
5,6853.885845,-1.151349,1381.328857,38.602541,-109.553874
5,9917.139519,0.420244,1388.301025,38.60237,-109.542184
5,6858.859967,-1.154495,1380.70752,38.602575,-109.553836
5,9912.185965,0.287537,1389.319702,38.602406,-109.54222
5,6863.856755,-1.151579,1380.361084,38.602609,-109.553798
5,9907.189466,0.275475,1390.036987,38.602439,-109.542258
5,6869.083418,-1.108181,1379.651733,38.60264,-109.553757
5,6874.017927,-1.116284,1379.578247,38.602667,-109.553711
5,9902.198031,0.232914,1390.488037,38.602473,-109.542297
5,9897.211234,0.210214,1390.278564,38.602504,-109.542338
5,6878.921615,-1.14033,1379.338135,38.602698,-109.553669
5,9893.42134,0.299824,1389.931396,38.60253,-109.542366
5,6883.82844,-1.155728,1378.854248,38.602732,-109.553631
5,9888.410055,0.341492,1389.408569,38.602564,-109.542403
5,6888.63413,-1.151678,1378.230713,38.602768,-109.553597
5,9883.33233,0.565468,1389.422974,38.602602,-109.542434
5,6893.35244,-1.104139,1377.655762,38.60281,-109.553577
5,7214.6102,-0.609617,1380.912842,38.602798,-109.551595
5,9877.924151,1.001289,1389.234375,38.602646,-109.542446
5,7219.074651,-1.082188,1379.665649,38.602809,-109.551541
5,6898.243786,-1.036525,1377.310303,38.602853,-109.553563
5,7209.743531,0.521867,1381.250244,38.602826,-109.551637
5,9872.2888,1.165445,1389.797852,38.602685,-109.54242
5,7223.66415,-1.161174,1379.459595,38.602841,-109.551502
5,6903.004091,-0.919802,1377.255859,38.602898,-109.553563
5,7204.716275,0.521223,1380.854004,38.602866,-109.551663
5,9867.507017,1.139479,1390.375244,38.602724,-109.542392
5,7228.389523,-1.119978,1378.967041,38.602882,-109.551477
5,7199.724728,0.54154,1380.98938,38.602905,-109.551691
5,6908.003784,-0.914961,1377.287842,38.602943,-109.553566
5,9863.136165,0.76038,1391.249268,38.602768,-109.542388
5,7233.298613,-1.088355,1377.685059,38.602925,-109.551461
5,7194.787377,0.338993,1381.12146,38.602943,-109.551722
5,6912.969284,-0.889662,1377.082764,38.602988,-109.553571
5,9858.888481,0.745297,1391.585571,38.602805,-109.542402
5,9858.159436,0.784141,1391.542603,38.602812,-109.542404
5,7189.841071,0.140065,1381.375366,38.602974,-109.551763
5,7238.041787,-0.965661,1376.48999,38.60297,-109.551455
5,7184.848219,0.040427,1381.359863,38.603002,-109.551808
5,6917.978769,-0.90843,1376.725098,38.603033,-109.553576
5,9853.31798,1.149418,1391.407471,38.602844,-109.542398
5,9847.619425,0.702966,1390.617432,38.602856,-109.542344
5,9842.601982,0.655388,1390.268066,38.602856,-109.542287
5,7243.034395,-0.964355,1375.88623,38.603015,-109.551454
5,9838.010314,0.991451,1390.292236,38.602861,-109.54223
5,7179.850616,-0.024705,1381.307251,38.603027,-109.551856
5,6923.51665,-1.145,1376.572266,38.603077,-109.553565
5,7174.847133,-0.126109,1380.88208,38.603051,-109.551905
5,7248.009416,-0.934944,1375.388428,38.60306,-109.551455
5,7169.823482,-0.255205,1380.453369,38.603068,-109.551958
5,9833.980323,0.545398,1389.70166,38.602902,-109.542218
5,7129.648171,-0.668595,1383.159546,38.603086,-109.552409
5,7134.633267,-0.689658,1383.393311,38.603087,-109.552351
5,7124.79125,-0.323184,1384.241821,38.603092,-109.552465
5,7164.818197,-0.335364,1380.555176,38.603084,-109.552011
5,7139.532042,-0.798671,1382.98291,38.603091,-109.552294
5,6928.528405,-1.145552,1377.608154,38.603117,-109.55354
5,7144.532329,-0.80212,1382.001343,38.603098,-109.552238
5,7159.779203,-0.410661,1380.5354,38.603095,-109.552067
5,7149.625596,-0.703836,1381.252441,38.603103,-109.552181
5,7154.725159,-0.564347,1380.545776,38.603104,-109.552123
5,9829.10726,0.336611,1388.858154,38.602939,-109.542252
5,7119.855495,0.049487,1385.631592,38.603116,-109.552513
5,7252.893645,-0.851976,1375.208252,38.603104,-109.551461
5,6933.293715,-1.083553,1378.045898,38.60316,-109.553522
5,7114.845953,0.194059,1385.548706,38.603146,-109.552556
5,9824.112803,0.324068,1388.604492,38.602973,-109.542288
5,7258.057496,-0.99424,1375.053589,38.603149,-109.551465
5,7109.830594,0.261499,1385.390869,38.603178,-109.552596
5,9819.112956,0.324147,1389.286499,38.603008,-109.542324
5,6938.171855,-1.027077,1378.165771,38.603204,-109.553513
5,7104.829929,0.242806,1384.528809,38.603211,-109.552635
5,7263.133928,-1.025358,1376.079834,38.603194,-109.55146
5,9814.118485,0.305656,1389.699097,38.603043,-109.542361
5,6943.1025,-0.972224,1378.090576,38.603249,-109.553508
5,7099.849149,0.100076,1384.07251,38.603243,-109.552676
5,9809.116676,0.29873,1389.912842,38.603077,-109.542398
5,7268.183315,-1.045822,1376.915771,38.603239,-109.551452
5,7094.845685,-0.174279,1384.266113,38.603265,-109.552726
5,6948.027649,-0.943362,1378.349976,38.603294,-109.553509
5,7089.850305,-0.132119,1384.210449,38.603285,-109.552777
5,9804.118937,0.312247,1390.276611,38.603112,-109.542435
5,7273.717935,-1.165334,1377.621094,38.603281,-109.551433
5,7314.623234,-0.661601,1373.446167,38.603274,-109.550994
5,7319.551132,-0.746438,1372.936523,38.603275,-109.550937
5,7084.856121,0.040012,1384.147705,38.60331,-109.552825
5,7309.754121,-0.444462,1374.045898,38.60328,-109.551051
5,7324.389441,-0.918442,1372.130737,38.603285,-109.550881
5,7304.795465,-0.320133,1374.400146,38.603293,-109.551106
5,9799.023189,0.553468,1389.383057,38.603149,-109.542467
5,6953.027816,-0.946127,1378.376343,38.603339,-109.55351
5,7279.374088,-0.961589,1377.378296,38.603307,-109.551388
5,7329.202497,-1.031513,1371.572754,38.6033,-109.550827
5,7299.791769,-0.354154,1374.904907,38.603307,-109.55116
5,7079.862064,-0.026915,1383.588867,38.603336,-109.552871
5,7284.638892,-0.673747,1376.874512,38.603314,-109.551332
5,7289.654822,-0.653306,1376.051758,38.603314,-109.551274
5,7294.68096,-0.62165,1375.307129,38.603313,-109.551217
5,7334.092765,-1.077991,1370.848877,38.603324,-109.550778
5,7074.862829,-0.035778,1382.696289,38.603361,-109.55292
5,9794.045512,0.507527,1388.623413,38.603189,-109.542493
5,6958.064444,-0.962191,1378.44104,38.603384,-109.55351
5,7069.860712,-0.056383,1380.521729,38.603385,-109.552968
5,7338.898108,-1.138347,1370.681641,38.603352,-109.550733
5,9789.095062,0.390995,1387.775635,38.603227,-109.542524
5,7064.860782,-0.078393,1379.563721,38.603408,-109.553018
5,6963.063748,-0.967391,1378.326416,38.603429,-109.553509
5,7343.878164,-1.14348,1370.629639,38.603384,-109.550693
5,9784.156812,-0.061561,1386.720215,38.603255,-109.542568
5,7059.843447,0.261322,1379.344482,38.603436,-109.553062
5,7348.892874,-1.138966,1370.789063,38.603416,-109.550653
5,6968.057375,-0.961383,1378.357666,38.603474,-109.553508
5,9778.949724,0.725189,1386.163208,38.60329,-109.542602
5,7054.758166,0.499125,1379.831177,38.603473,-109.553095
5,7353.894851,-1.142194,1371.296387,38.603447,-109.550612
5,6973.02307,-0.937953,1377.997681,38.603519,-109.55351
5,7049.676232,0.641313,1380.179443,38.603513,-109.55312
5,9773.511773,1.046838,1384.904785,38.603335,-109.542602
5,7358.83818,-1.152123,1371.035889,38.603479,-109.550571
5,7044.65211,0.666463,1379.797119,38.603555,-109.55314
5,6978.01886,-0.935394,1377.615234,38.603564,-109.553511
5,7363.672358,-1.159962,1370.537598,38.603514,-109.550535
5,9768.422921,1.084741,1383.128174,38.603379,-109.54259
5,7039.654959,0.671581,1378.700195,38.603598,-109.55316
5,7368.620806,-1.160435,1370.482544,38.603552,-109.550505
5,6982.874217,-0.777979,1377.833984,38.603609,-109.553517
5,9763.968172,0.615365,1381.27832,38.603422,-109.542595
5,7373.742326,-1.158306,1370.561646,38.603588,-109.55047
5,7034.651182,0.667795,1377.705933,38.60364,-109.553179
5,9759.075961,0.421397,1380.574585,38.603461,-109.542625
5,6988.075562,-1.008276,1377.841064,38.603653,-109.553526
5,7378.619602,-1.158498,1370.425049,38.603625,-109.550438
5,9754.061311,0.481831,1379.222046,38.603498,-109.542656
5,7029.652891,0.670371,1376.496704,38.603682,-109.553199
5,6993.616797,-1.160271,1377.885498,38.603695,-109.553505
5,7383.459298,-1.139805,1370.280884,38.603665,-109.550411
5,9749.059425,0.480387,1377.800537,38.603537,-109.542686
5,7024.791707,0.385616,1374.978271,38.603722,-109.553225
5,6998.877938,-1.155109,1377.163818,38.603731,-109.55347
5,7019.86295,0.093545,1374.456299,38.603753,-109.553267
5,9744.065153,0.452589,1376.674072,38.603576,-109.542716
5,7388.207848,-1.062055,1370.148315,38.603708,-109.550393
5,7004.177832,-1.070684,1375.719971,38.603762,-109.553429
5,7014.839382,-0.338719,1374.029663,38.603773,-109.553318
5,7009.588684,-0.766756,1374.732544,38.603775,-109.553375
5,9739.079737,0.452322,1376.289307,38.603614,-109.542747
5,7393.093681,-1.000548,1370.807129,38.603753,-109.550387
5,9734.013099,0.585857,1375.637207,38.603653,-109.542774
5,7398.00033,-0.947586,1372.274414,38.603798,-109.550387
5,9728.945807,0.684484,1374.369751,38.603695,-109.542795
5,7402.830209,-0.754606,1373.135254,38.603842,-109.550392
5,9723.889551,0.755082,1373.415527,38.603738,-109.54281
5,7407.598811,-0.442527,1374.022705,38.603882,-109.550419
5,9718.954705,0.652421,1371.871826,38.603781,-109.542828
5,7412.604323,-0.478626,1373.967407,38.60392,-109.55045
5,9714.021812,0.550069,1371.310181,38.603822,-109.542852
5,7417.630159,-0.526425,1373.971802,38.603959,-109.550478
5,9592.146362,0.758235,1363.703857,38.603824,-109.541898
5,9596.994781,0.531357,1363.825317,38.603826,-109.541955
5,9601.969225,0.508251,1363.651367,38.603832,-109.542012
5,9606.995745,0.574746,1363.805664,38.603838,-109.542069
5,9587.660537,1.061463,1363.781006,38.603835,-109.541843
5,9612.013431,0.571005,1364.156006,38.603842,-109.542126
5,9709.066451,0.482893,1370.699951,38.603861,-109.542881
5,9616.874732,0.207762,1364.275391,38.603854,-109.542181
5,7422.797331,-0.807498,1373.520508,38.604001,-109.550499
5,9621.864265,0.188773,1364.755859,38.603874,-109.542232
5,9583.4448,1.069031,1363.350952,38.603872,-109.541814
5,9704.137755,0.220834,1370.612305,38.603897,-109.542915
5,9626.881676,0.280263,1365.573608,38.603891,-109.542286
5,7427.969131,-0.930341,1373.053955,38.604046,-109.550503
5,9631.862738,0.179131,1366.474365,38.603909,-109.542338
5,9699.115745,0.409788,1369.669189,38.603928,-109.542956
5,9578.562302,1.020002,1363.908691,38.603916,-109.541806
5,9636.859208,0.156735,1367.029907,38.603929,-109.542389
5,9641.854382,0.117676,1366.992798,38.603951,-109.54244
5,7433.005828,-0.948929,1374.186768,38.604091,-109.550504
5,9693.569186,1.041107,1369.075684,38.603971,-109.542964
5,9646.864024,0.198816,1367.400146,38.60397,-109.542491
5,9573.595814,1.004152,1364.165771,38.603961,-109.541801
5,9651.876719,0.279978,1367.936768,38.603987,-109.542545
5,7437.820589,-0.793252,1375.186523,38.604135,-109.550512
5,9656.895309,0.336637,1367.586304,38.604002,-109.542599
5,9687.666467,1.116509,1368.378784,38.604009,-109.542934
5,9661.912161,0.392175,1367.807251,38.604014,-109.542654
5,9568.6729,0.942454,1364.570068,38.604006,-109.541799
5,9682.213176,0.860227,1368.568848,38.604026,-109.542881
5,9666.944549,0.484906,1367.510986,38.604024,-109.54271
5,9671.990862,0.570031,1367.576172,38.60403,-109.542767
5,9677.045703,0.661755,1367.981201,38.604032,-109.542824
5,7442.868532,-0.850523,1375.096802,38.60418,-109.550523
5,9563.757804,0.895007,1364.326172,38.604051,-109.541802
5,7448.101093,-1.017418,1375.036621,38.604224,-109.550524
5,9559.01413,0.571511,1364.476563,38.604094,-109.541818
5,7453.774141,-1.165973,1375.022339,38.604266,-109.550505
5,9554.064881,0.452984,1364.628418,38.604133,-109.541847
5,7459.322273,-0.960767,1374.388916,38.604288,-109.550456
5,7463.925019,-1.121816,1372.905762,38.604309,-109.550406
5,9549.138517,0.289211,1364.937012,38.604168,-109.541883
5,7468.683249,-1.16341,1372.217529,38.604345,-109.550371
5,9544.13339,0.297336,1365.400391,38.604202,-109.541921
5,7473.763578,-1.155329,1371.914551,38.604381,-109.550336
5,9539.122255,0.354069,1365.811279,38.604237,-109.541956
5,7479.181619,-1.051787,1370.100708,38.604411,-109.550294
5,9534.120478,0.349112,1366.479858,38.604273,-109.541991
5,7484.247651,-0.996799,1368.431885,38.604431,-109.550242
5,9529.123164,0.351734,1366.455811,38.604308,-109.542027
5,7488.608242,-1.156291,1366.762817,38.604458,-109.550198
5,7488.608242,-1.156291,1366.762817,38.604458,-109.550198
5,9524.119807,0.37836,1366.725342,38.604344,-109.542061
5,7492.863305,-0.766378,1366.973633,38.604502,-109.550195
5,7492.863305,-0.766378,1366.973633,38.604502,-109.550195
5,9519.110437,0.393502,1367.369995,38.604381,-109.542095
5,7497.508264,0.011204,1367.782959,38.604536,-109.550229
5,7502.689728,0.634061,1368.423828,38.604545,-109.550285
5,7507.544299,0.217592,1368.922729,38.604553,-109.550341
5,9513.894983,0.783136,1367.983398,38.604421,-109.542119
5,7512.5554,-0.340764,1369.796387,38.604585,-109.550381
5,9508.780806,0.879199,1368.236084,38.604466,-109.542126
5,7517.604785,-0.515025,1370.848633,38.604622,-109.550412
5,9503.897843,0.738872,1368.057007,38.60451,-109.542137
5,7522.678519,-0.598469,1371.413086,38.604663,-109.550436
5,9499.089205,0.438911,1368.226563,38.60455,-109.542162
5,7527.594321,-0.420202,1371.719482,38.604702,-109.550465
5,9494.092609,0.46428,1369.216797,38.604588,-109.542194
5,7532.513677,0.20281,1372.073486,38.604731,-109.550508
5,7537.543434,0.263827,1373.092651,38.604746,-109.550562
5,7542.52598,0.1816,1373.467773,38.604765,-109.550614
5,9489.027132,0.579053,1369.552734,38.604628,-109.542219
5,7547.510486,0.055717,1373.610107,38.604787,-109.550664
5,9484.018097,0.592372,1369.756714,38.604669,-109.542244
5,7552.546792,-0.328311,1373.147705,38.604818,-109.550705
5,7557.564675,-0.362943,1372.85083,38.604854,-109.550739
5,9479.010255,0.608296,1370.122559,38.60471,-109.542267
5,7562.612705,-0.551197,1371.518188,38.604891,-109.550771
5,9473.998733,0.632453,1370.539063,38.604752,-109.54229
5,7567.833908,-0.821959,1369.420654,38.604935,-109.550785
5,9468.945362,0.699586,1370.814453,38.604794,-109.542309
5,7572.921272,-0.900495,1367.03186,38.60498,-109.550793
5,9463.925347,0.729158,1371.193359,38.604837,-109.542325
5,7578.308608,-1.103403,1365.887695,38.605024,-109.550786
5,9458.926602,0.731933,1372.028564,38.60488,-109.542342
5,9453.93082,0.7184,1372.123169,38.604923,-109.542358
5,7583.221703,-1.07574,1365.918945,38.605068,-109.550772
5,9448.947548,0.70546,1372.548828,38.604966,-109.542376
5,7588.119734,-1.00215,1366.337646,38.605112,-109.550762
5,9443.948803,0.698747,1373.224243,38.605009,-109.542394
5,7592.622171,-0.378307,1367.296875,38.605155,-109.550775
5,7597.530431,0.185145,1368.308105,38.605175,-109.550826
5,9439.1033,0.423316,1374.388184,38.605049,-109.542418
5,7602.505896,-0.108649,1369.60437,38.605201,-109.550872
5,9434.152826,0.238651,1374.630371,38.605085,-109.542454
5,7607.515936,-0.243163,1371.021973,38.605232,-109.550914
5,9429.188933,0.066052,1375.405151,38.605113,-109.542498
5,7612.845985,-0.862526,1372.322388,38.605273,-109.550936
5,9424.184053,0.032381,1376.390137,38.60514,-109.542544
5,7684.60077,-0.681044,1366.296875,38.605285,-109.55018
5,7679.643708,-0.615227,1366.432373,38.605286,-109.550238
5,7674.660142,-0.5875,1367.813232,38.605289,-109.550295
5,7689.414137,-0.852608,1365.917603,38.605288,-109.550123
5,7669.722287,-0.458128,1368.083618,38.605296,-109.550352
5,9419.188673,0.025576,1377.423828,38.605167,-109.542591
5,7619.183224,-1.069838,1373.059082,38.605314,-109.55092
5,7634.614935,-0.67086,1373.19165,38.605311,-109.55075
5,7629.659975,-0.581358,1373.844482,38.605313,-109.550807
5,7664.743499,-0.422108,1368.624512,38.605306,-109.550408
5,7639.564059,-0.735123,1372.185181,38.605313,-109.550692
5,7694.209353,-1.017098,1365.548706,38.605303,-109.550069
5,7624.69586,-0.535549,1373.665283,38.605318,-109.550864
5,7644.54991,-0.758219,1371.293945,38.605317,-109.550635
5,7659.71171,-0.508397,1369.112427,38.605315,-109.550464
5,7649.609323,-0.682771,1370.035522,38.60532,-109.550578
5,7654.675911,-0.572748,1370.234985,38.60532,-109.550521
5,9414.185099,0.0584,1378.901855,38.605194,-109.542637
5,7699.029564,-1.098209,1365.181396,38.605328,-109.550021
5,9409.179328,0.21975,1379.535278,38.605223,-109.54268
5,7704.023577,-1.107012,1364.365967,38.605355,-109.549975
5,7709.212812,-1.024076,1363.674316,38.605379,-109.549927
5,9403.755677,0.906465,1380.314941,38.605266,-109.542695
5,7714.344726,-0.948173,1363.749023,38.605399,-109.549875
5,7719.335519,-0.942252,1364.067505,38.605413,-109.549821
5,7724.186046,-1.030671,1364.360229,38.605429,-109.549768
5,9398.783204,0.86803,1381.25293,38.605311,-109.5427
5,7728.8726,-1.146655,1363.347168,38.605455,-109.549721
5,9394.087553,0.444147,1382.578125,38.605352,-109.542722
5,7733.587027,-1.156951,1362.851196,38.605492,-109.549688
5,9389.147366,0.290748,1383.43457,38.605387,-109.542756
5,7738.617471,-1.162533,1363.102783,38.60553,-109.549658
5,9384.161768,0.284858,1384.353271,38.60542,-109.542796
5,9034.349821,-0.803897,1383.183105,38.605469,-109.545052
5,9029.656431,-0.284959,1382.928345,38.605475,-109.545108
5,9038.968739,-1.071664,1382.538086,38.605484,-109.544998
5,7743.737739,-1.159817,1363.477051,38.605566,-109.549623
5,9024.707907,-0.011475,1381.629883,38.605498,-109.545157
5,9379.062671,0.531673,1384.774658,38.605459,-109.542825
5,9019.657276,-0.39069,1380.824707,38.605516,-109.545209
5,9043.611707,-1.157593,1381.275635,38.605513,-109.544955
5,9014.611412,-0.472733,1380.070801,38.605525,-109.545266
5,7748.762428,-1.160094,1363.494507,38.605601,-109.549587
5,9009.584094,-0.53344,1379.818604,38.605531,-109.545322
5,9004.607302,-0.464189,1379.702148,38.605538,-109.545379
5,9374.139793,0.312851,1384.719482,38.605496,-109.542857
5,8999.661605,-0.341966,1379.610596,38.60555,-109.545434
5,9048.45964,-1.15636,1379.911987,38.605551,-109.544924
5,8994.6735,-0.318042,1379.860229,38.605564,-109.545489
5,7753.710836,-1.159288,1362.94165,38.605636,-109.54955
5,9369.185104,0.092813,1384.880859,38.605527,-109.542899
5,8989.682763,-0.268804,1380.363281,38.605579,-109.545543
5,8984.68065,-0.266367,1380.738159,38.605596,-109.545596
5,9364.189293,-0.022996,1384.714844,38.605553,-109.542946
5,9053.430959,-1.157486,1380.293701,38.60559,-109.544896
5,8964.476504,-0.696321,1384.224487,38.605608,-109.545824
5,8979.60233,-0.529102,1380.911377,38.605607,-109.545652
5,8969.521708,-0.653259,1382.78833,38.605609,-109.545766
5,8974.519807,-0.639147,1381.598999,38.605609,-109.545709
5,8959.607996,-0.437572,1385.570068,38.605612,-109.545881
5,7758.31431,-1.109061,1362.817383,38.605676,-109.549526
5,9359.18921,-0.087215,1384.113525,38.605576,-109.542995
5,8954.709673,-0.060399,1386.144043,38.605629,-109.545933
5,9058.728291,-1.147334,1379.554688,38.605626,-109.544862
5,9354.163519,0.288163,1383.279053,38.605606,-109.543037
5,7763.12019,-1.024125,1363.338623,38.60572,-109.549512
5,8949.557449,0.637639,1386.631836,38.605665,-109.545967
5,9063.726425,-1.145376,1378.867432,38.605659,-109.544822
5,9349.103392,0.442126,1382.374512,38.605643,-109.54307
5,7767.732055,-0.639812,1363.311768,38.605764,-109.549521
5,9068.88697,-1.109084,1378.583862,38.605689,-109.54478
5,8944.281728,0.933789,1387.308838,38.60571,-109.545975
5,9344.077752,0.568921,1381.548584,38.605682,-109.543099
5,9073.947447,-1.094272,1378.437378,38.605716,-109.544733
5,7772.576923,-0.424308,1363.430664,38.605802,-109.54955
5,8938.723338,1.148279,1387.078491,38.605753,-109.545963
5,9079.120469,-1.012855,1378.27417,38.60574,-109.544685
5,9338.807747,0.881149,1380.988647,38.605726,-109.543111
5,7777.568528,-0.427623,1363.681885,38.60584,-109.549583
5,9119.456534,-0.676995,1374.195557,38.605749,-109.544231
5,9084.382725,-0.816085,1378.210938,38.605756,-109.544632
5,9114.535513,-0.590643,1374.755493,38.605751,-109.544288
5,9109.538224,-0.593186,1375.953369,38.605754,-109.544345
5,9089.4834,-0.674225,1377.811157,38.60576,-109.544575
5,9104.532211,-0.601358,1376.313965,38.605757,-109.544403
5,9094.488658,-0.667206,1377.052612,38.60576,-109.544517
5,9099.528162,-0.609326,1376.527954,38.60576,-109.54446
5,9123.007944,-1.072122,1373.836182,38.605757,-109.544186
5,9123.829956,-1.114801,1373.836182,38.605761,-109.544177
5,8933.601884,1.163749,1387.805054,38.605792,-109.545933
5,9126.705445,-1.160407,1373.493408,38.605783,-109.544153
5,7782.645292,-0.578054,1363.799316,38.605879,-109.54961
5,9127.160507,-1.145281,1373.46521,38.605787,-109.54415
5,9333.768645,0.908449,1381.749268,38.60577,-109.543116
5,8928.798757,1.132026,1387.518555,38.605831,-109.545905
5,9131.39174,-1.095517,1373.020996,38.605825,-109.544132
5,7787.648381,-0.59516,1364.084839,38.60592,-109.549634
5,9328.693847,0.957031,1381.734253,38.605815,-109.543117
5,8924.333519,0.811004,1387.198364,38.605875,-109.545899
5,7792.753162,-0.774105,1364.064941,38.605962,-109.549653
5,9136.2112,-1.018602,1372.972656,38.605869,-109.544121
5,9323.589804,1.027184,1381.554565,38.60586,-109.543115
5,8919.538122,0.61453,1387.115234,38.605917,-109.545918
5,7798.100477,-1.054247,1365.168457,38.606007,-109.549654
5,9141.174912,-0.995811,1372.960449,38.605914,-109.544118
5,9318.507593,1.064311,1381.485596,38.605905,-109.543105
5,8914.64833,0.385905,1387.046021,38.605955,-109.54595
5,7803.231931,-1.078562,1365.872803,38.606051,-109.54964
5,9145.971328,-0.819482,1373.30835,38.605959,-109.544121
5,8909.55517,0.603866,1387.219727,38.605994,-109.545978
5,9313.182172,1.150347,1380.703857,38.605947,-109.543087
5,7807.946623,-0.920905,1365.578857,38.606096,-109.549638
5,8904.531056,0.630674,1387.43335,38.606035,-109.546
5,9150.97475,-0.845389,1373.652954,38.606003,-109.544131
5,9308.390553,1.090138,1380.065918,38.605988,-109.543062
5,7812.664646,-0.57936,1364.52124,38.606139,-109.549652
5,8899.491857,0.684128,1387.555664,38.606077,-109.54602
5,9155.973223,-0.839763,1373.378662,38.606048,-109.544139
5,9304.037271,0.496433,1378.700928,38.606031,-109.543071
5,7817.496042,-0.122473,1362.979492,38.606173,-109.549689
5,9299.181273,0.142921,1377.997925,38.606061,-109.543114
5,8894.494548,0.691555,1386.368164,38.60612,-109.546039
5,9161.091389,-0.969115,1372.751709,38.606093,-109.544143
5,7822.484697,0.010541,1362.144531,38.606198,-109.549737
5,9294.189093,0.08148,1377.903809,38.60609,-109.543158
5,7827.490024,-0.065369,1361.326416,38.606225,-109.549783
5,8889.470974,0.724273,1386.612549,38.606163,-109.546057
5,9289.189499,0.070609,1378.23584,38.606118,-109.543203
5,9166.397714,-1.098696,1372.708496,38.606137,-109.544132
5,7832.492094,-0.110967,1360.297607,38.606253,-109.549827
5,9284.192,0.101175,1378.019409,38.606146,-109.543248
5,8884.464406,0.723934,1387.878662,38.606206,-109.546073
5,9171.411005,-1.103885,1372.542358,38.60618,-109.544116
5,7837.500871,-0.199468,1359.227051,38.606283,-109.54987
5,9279.172077,0.282478,1376.999756,38.606177,-109.543289
5,8879.533125,0.59505,1388.843628,38.606248,-109.546092
5,7842.510697,-0.248584,1358.44751,38.606316,-109.549909
5,9176.39998,-1.10264,1372.534424,38.606223,-109.5441
5,9274.090846,0.493447,1375.947754,38.606214,-109.543321
5,7949.605946,-0.598863,1364.085449,38.606329,-109.549205
5,9271.68045,0.445375,1375.576172,38.606233,-109.543336
5,7847.503104,-0.219968,1356.944824,38.606348,-109.549949
5,9270.723322,0.35138,1375.213013,38.60624,-109.543342
5,7953.6031,-1.158336,1364.044189,38.606341,-109.549153
5,7944.769988,-0.224261,1363.937744,38.606343,-109.549259
5,8874.440258,0.801553,1389.331421,38.60629,-109.546113
5,9181.70755,-1.161436,1372.026855,38.606264,-109.544077
5,7939.781991,-0.209422,1363.593872,38.606362,-109.549311
5,7852.51641,-0.331119,1354.928955,38.606382,-109.549987
5,9265.762412,0.248505,1374.065308,38.606274,-109.54338
5,7934.775277,-0.215882,1362.897339,38.60638,-109.549364
5,7957.794407,-0.779483,1364.232788,38.606385,-109.549149
5,8868.69637,1.154338,1389.128662,38.606333,-109.546104
5,9186.675386,-1.157881,1372.08606,38.606302,-109.544045
5,7929.769432,-0.285032,1362.425171,38.606398,-109.549417
5,9260.8076,-0.093834,1373.500488,38.6063,-109.543427
5,7924.735836,-0.384886,1361.635986,38.60641,-109.549472
5,7857.594629,-0.517023,1353.407471,38.60642,-109.550018
5,9257.919894,-0.153136,1373.202515,38.606312,-109.543456
5,7919.733617,-0.385422,1360.260864,38.606422,-109.549527
5,8863.384478,1.149011,1388.542236,38.606367,-109.546065
5,7962.618805,-0.557639,1363.66626,38.606426,-109.549171
5,7914.740055,-0.384722,1359.606323,38.606434,-109.549582
5,9252.922167,-0.106822,1372.809082,38.606334,-109.543506
5,9191.276802,-1.034992,1371.82251,38.606344,-109.544026
5,7909.74241,-0.338351,1359.063232,38.606446,-109.549638
5,7862.619386,-0.615638,1352.006836,38.606459,-109.550045
5,7904.774217,-0.241841,1358.813232,38.606463,-109.549691
5,9247.936214,0.113389,1372.523071,38.606359,-109.543554
5,8859.155835,0.920484,1388.219849,38.606407,-109.546044
5,7967.604927,-0.513174,1363.427002,38.606466,-109.549197
5,7899.775384,-0.23453,1358.695679,38.606481,-109.549744
5,9196.216627,-1.024163,1371.983643,38.606389,-109.544022
5,9242.929103,-0.124935,1372.364014,38.606386,-109.543599
5,7868.027401,-1.022355,1352.563354,38.606504,-109.550052
5,7868.027401,-1.022355,1352.563354,38.606504,-109.550052
5,7894.802788,-0.078269,1358.690186,38.606501,-109.549795
5,9237.793289,-0.568377,1372.288574,38.606397,-109.543654
5,9232.760776,-0.582452,1372.286987,38.606399,-109.543711
5,8854.600856,0.481856,1388.014038,38.606448,-109.546066
5,7972.520975,-0.305745,1362.558838,38.606502,-109.549232
5,9227.917157,-0.183275,1372.40564,38.606413,-109.543766
5,7889.804394,-0.093025,1358.628174,38.606524,-109.549844
5,7874.575304,-0.730147,1353.755981,38.606531,-109.550012
5,7879.439978,-0.811856,1355.399658,38.606533,-109.549955
5,9201.507022,-1.142545,1371.824951,38.606432,-109.544009
5,7884.708561,-0.544312,1357.570313,38.606538,-109.549898
5,9222.92789,0.073573,1372.364746,38.606438,-109.543813
5,7977.511527,-0.307586,1361.974976,38.606537,-109.549269
5,8849.645241,0.413801,1388.524048,38.606485,-109.546099
5,9217.932901,-0.118446,1372.750366,38.606463,-109.543861
5,9207.302192,-1.051181,1372.373291,38.606465,-109.543971
5,9212.840673,-0.529173,1372.603394,38.606476,-109.543916
5,7982.488384,-0.169045,1361.27478,38.60657,-109.549308
5,8844.6495,0.383423,1389.167969,38.606522,-109.546132
5,7987.477321,-0.152174,1360.419189,38.606599,-109.549351
5,8839.679604,0.287508,1389.69165,38.606557,-109.546167
5,7992.494116,-0.250147,1359.681885,38.606632,-109.549391
5,8834.696159,0.209682,1389.974854,38.606589,-109.546207
5,7997.514392,-0.328966,1359.87207,38.606666,-109.549428
5,8829.713684,0.065284,1390.357788,38.606619,-109.54625
5,8824.722432,0.034063,1390.771973,38.606646,-109.546296
5,8002.531121,-0.392528,1360.696045,38.606701,-109.549463
5,8819.722768,0.030996,1391.192505,38.606673,-109.546342
5,8007.572715,-0.488125,1361.155029,38.60674,-109.549493
5,8814.714018,0.163302,1391.513672,38.606701,-109.546387
5,8012.571526,-0.475677,1361.607666,38.606778,-109.549522
5,8809.676134,0.373422,1391.384766,38.606734,-109.546426
5,8017.53804,-0.397859,1362.168457,38.606816,-109.549554
5,8804.567273,0.624494,1391.192261,38.606773,-109.546453
5,8022.490319,-0.221248,1362.892822,38.60685,-109.549591
5,8799.486768,0.696609,1390.902344,38.606816,-109.546472
5,8027.519252,-0.370244,1363.458984,38.606884,-109.549629
5,8794.574639,0.571383,1389.970947,38.606857,-109.546494
5,8032.60322,-0.560034,1364.751709,38.606922,-109.549659
5,8789.646527,0.427347,1389.505371,38.606896,-109.546523
5,8037.6229,-0.582551,1365.372192,38.606963,-109.549683
5,8784.652304,0.404419,1389.051025,38.606933,-109.546556
5,8042.587626,-0.497293,1365.623291,38.607003,-109.54971
5,8779.579339,0.589743,1388.418701,38.606972,-109.546585
5,8047.536621,-0.406893,1365.408081,38.607041,-109.549741
5,8774.477614,0.714092,1387.671509,38.607014,-109.546605
5,8052.545641,-0.428407,1364.432617,38.607078,-109.549774
5,8769.577146,0.530988,1387.68811,38.607056,-109.546626
5,8057.521107,-0.366564,1363.580688,38.607114,-109.549807
5,8764.721502,0.075657,1386.447388,38.607089,-109.546664
5,8062.503062,-0.316577,1362.850342,38.60715,-109.549843
5,8759.728662,0.010365,1386.462036,38.607114,-109.546712
5,8067.478,-0.147189,1362.7677,38.607182,-109.549883
5,8754.725493,0.051601,1386.535645,38.607141,-109.546758
5,8072.460089,0.121919,1363.004883,38.607208,-109.549929
5,8749.726495,0.096081,1387.008179,38.607169,-109.546803
5,8077.476798,0.21328,1363.259277,38.607227,-109.549981
5,8082.481974,0.218432,1363.325317,38.607245,-109.550034
5,8744.716982,0.202119,1387.426025,38.6072,-109.546845
5,8087.454098,-0.055991,1363.909058,38.607268,-109.550083
5,8739.665858,0.409743,1387.675659,38.607234,-109.546881
5,8092.494719,-0.296652,1364.870605,38.607301,-109.550123
5,8734.511003,0.700963,1387.979736,38.607275,-109.546905
5,8097.513923,-0.367247,1365.98877,38.607336,-109.550158
5,8102.530977,-0.443236,1366.407959,38.607373,-109.550192
5,8729.489018,0.707088,1388.36377,38.607318,-109.546922
5,8107.603562,-0.539645,1367.044189,38.607413,-109.550218
5,8724.494095,0.698615,1388.807373,38.607361,-109.54694
5,8112.495379,-0.258021,1367.921875,38.607449,-109.550252
5,8719.458378,0.783238,1388.788818,38.607404,-109.546957
5,8117.455616,-0.022944,1368.317993,38.607477,-109.550296
5,8122.459342,-0.068778,1368.811401,38.607504,-109.550342
5,8714.141118,1.021203,1388.587402,38.607449,-109.546956
5,8127.46193,0.133482,1369.013184,38.607529,-109.55039
5,8132.473248,0.216157,1369.133911,38.607548,-109.550442
5,8709.136414,1.014797,1389.734131,38.607494,-109.54695
5,8137.470498,0.206287,1369.045044,38.607566,-109.550494
5,8142.4595,-0.126478,1369.167236,38.607591,-109.550542
5,8704.3581,0.839755,1390.73291,38.607539,-109.54695
5,8147.461997,-0.117795,1369.907471,38.607621,-109.550585
5,8699.437907,0.770784,1390.761353,38.607582,-109.546963
5,8152.459451,-0.122522,1369.823242,38.60765,-109.550629
5,8157.451844,-0.052647,1369.661499,38.607678,-109.550673
5,8694.449223,0.75144,1390.337402,38.607626,-109.546977
5,8162.464277,0.210735,1368.811035,38.607699,-109.550724
5,8167.475964,0.279997,1368.430664,38.607716,-109.550777
5,8172.505876,0.360213,1368.610229,38.60773,-109.550832
5,8689.566599,0.60109,1390.223999,38.607668,-109.546998
5,8177.465254,0.133007,1368.71167,38.607746,-109.550885
5,8684.639351,0.439699,1389.431152,38.607708,-109.547024
5,8182.463229,-0.275767,1367.734253,38.607775,-109.550928
5,8679.712886,0.234694,1389.36377,38.607742,-109.547062
5,8187.61991,-0.704363,1366.505249,38.607814,-109.550956
5,8674.719475,0.168601,1388.767578,38.607773,-109.547103
5,8192.87773,-0.919683,1365.678101,38.607859,-109.550965
5,8669.734111,0.084903,1388.194336,38.607802,-109.547147
5,8664.739275,-0.063314,1387.333008,38.607828,-109.547194
5,8197.995033,-0.984078,1365.805664,38.607904,-109.550964
5,8659.724502,-0.157096,1386.556885,38.607849,-109.547245
5,8654.738668,-0.021267,1385.608643,38.607872,-109.547294
5,8203.096984,-1.042749,1367.131104,38.607949,-109.550958
5,8649.719751,-0.211375,1384.113525,38.607894,-109.547344
5,8644.737299,0.022178,1382.507324,38.607916,-109.547394
5,8208.565162,-1.162432,1367.917236,38.607991,-109.55094
5,8639.68456,0.405132,1381.199097,38.60795,-109.547432
5,8213.842423,-1.137605,1368.135498,38.608024,-109.550901
5,8634.605884,0.51742,1380.114502,38.607989,-109.547459
5,8218.751276,-1.151527,1368.585083,38.608056,-109.550861
5,8629.699836,0.298722,1378.839111,38.608024,-109.547495
5,8223.721833,-1.159724,1368.706543,38.60809,-109.550824
5,8624.704577,0.296854,1376.985352,38.608059,-109.547532
5,8228.608352,-1.159502,1369.046509,38.608126,-109.550789
5,8619.742163,0.010906,1376.671387,38.60809,-109.547573
5,8233.731262,-1.155529,1369.450073,38.608162,-109.550754
5,8614.735424,-0.122373,1376.253906,38.608112,-109.547624
5,8609.736664,-0.122942,1376.338379,38.608133,-109.547674
5,8238.77658,-1.153049,1369.961426,38.608195,-109.550716
5,8604.735934,-0.14395,1376.342529,38.608154,-109.547725
5,8599.733384,-0.11177,1376.033447,38.608175,-109.547775
5,8244.206714,-1.010223,1371.827759,38.608225,-109.550673
5,8249.549591,-0.697034,1371.620117,38.608236,-109.550618
5,8254.292892,-0.891266,1372.262573,38.608239,-109.550561
5,8594.747074,-0.045028,1375.92749,38.608199,-109.547824
5,8258.495072,-1.153678,1373.756348,38.608265,-109.550516
5,8589.742012,-0.032402,1375.960571,38.608223,-109.547872
5,8584.747146,-0.031557,1376.099121,38.608248,-109.547921
5,8262.864117,-0.894737,1374.623291,38.608309,-109.550509
5,8579.728554,-0.195217,1376.243408,38.60827,-109.547971
5,8559.618973,-0.457854,1374.781982,38.608277,-109.548188
5,8564.227026,-0.968349,1375.603271,38.608281,-109.548132
5,8554.677086,-0.380556,1375.106812,38.608289,-109.548243
5,8574.727302,-0.218991,1376.52002,38.608288,-109.548023
5,8569.505717,-0.816837,1376.589111,38.608297,-109.548078
5,8549.69326,-0.321111,1376.813721,38.608302,-109.548298
5,8268.48312,-1.156124,1374.974854,38.608352,-109.550498
5,8544.703363,-0.295018,1378.417847,38.608317,-109.548352
5,8539.70152,-0.322506,1380.175049,38.608332,-109.548406
5,8479.550362,-0.65462,1382.388672,38.608347,-109.549079
5,8484.550101,-0.654629,1382.220215,38.608347,-109.549021
5,8489.546587,-0.659062,1382.661255,38.608347,-109.548964
5,8494.51503,-0.677473,1383.73645,38.608347,-109.548907
5,8474.630385,-0.4381,1382.901123,38.608351,-109.549136
5,8534.675605,-0.391058,1381.544922,38.608344,-109.548461
5,8499.228408,-0.972315,1385.357178,38.608353,-109.54885
5,8274.012795,-1.106933,1374.479736,38.608385,-109.55046
5,8529.677133,-0.390253,1382.886475,38.608356,-109.548517
5,8469.730511,-0.202583,1382.997803,38.608368,-109.549189
5,8504.231986,-0.974631,1385.725342,38.608371,-109.548798
5,8524.679043,-0.386903,1384.129028,38.608368,-109.548572
5,8279.125626,-1.040269,1374.267578,38.608408,-109.550411
5,8464.742032,-0.120261,1383.300781,38.608388,-109.54924
5,8519.669578,-0.435603,1385.06665,38.608379,-109.548628
5,8509.520716,-0.688883,1385.00708,38.608382,-109.548742
5,8514.553852,-0.651359,1385.447998,38.608382,-109.548685
5,8459.749618,0.004803,1383.268066,38.608413,-109.549288
5,8283.4449,-1.135799,1374.406006,38.608436,-109.550367
5,8454.738809,-0.238029,1382.947998,38.608436,-109.549337
5,8449.695378,-0.360241,1382.883545,38.608449,-109.549392
5,8287.450137,-0.017742,1373.187866,38.608475,-109.550385
5,8444.653197,-0.480768,1382.584839,38.60846,-109.549448
5,8439.627131,-0.526537,1382.73877,38.608466,-109.549505
5,8434.656425,-0.4502,1382.610229,38.608473,-109.549561
5,8292.448812,0.074539,1371.69104,38.608496,-109.550436
5,8429.725441,-0.264053,1381.889648,38.608488,-109.549615
5,8424.747054,-0.126456,1381.606445,38.608508,-109.549667
5,8297.453768,-0.16167,1371.279541,38.608523,-109.550481
5,8419.759388,-0.020422,1381.082764,38.608531,-109.549716
5,8302.544871,-0.465439,1371.61499,38.608558,-109.550517
5,8414.760842,0.033605,1379.984131,38.608557,-109.549763
5,8409.758765,0.023719,1379.298462,38.608584,-109.549809
5,8307.5462,-0.47749,1371.669434,38.608597,-109.550546
5,8404.757211,-0.019309,1378.648682,38.608609,-109.549857
5,8312.551016,-0.487354,1373.284912,38.608636,-109.550576
5,8312.551016,-0.487354,1373.284912,38.608636,-109.550576
5,8399.737833,-0.244689,1378.264893,38.608629,-109.549908
5,8394.728934,-0.262292,1378.236694,38.608646,-109.549961
5,8389.732088,-0.259179,1377.599243,38.608663,-109.550015
5,8317.568412,-0.529634,1374.051514,38.608675,-109.550603
5,8384.732547,-0.258192,1377.102661,38.608679,-109.550068
5,8379.734447,-0.263958,1376.93042,38.608696,-109.550121
5,8322.719523,-0.753774,1374.431396,38.608717,-109.550624
5,8374.688517,-0.436493,1376.249756,38.608709,-109.550176
5,8369.666942,-0.460207,1375.868164,38.608718,-109.550232
5,8364.709569,-0.355511,1375.994263,38.608729,-109.550288
5,8359.712479,-0.341009,1376.307861,38.608743,-109.550342
5,8354.713952,-0.340519,1376.2771,38.608756,-109.550397
5,8327.885951,-0.921235,1375.65625,38.608761,-109.550634
5,8349.729643,-0.282619,1376.361572,38.608771,-109.550451
5,8344.740358,-0.241166,1376.72876,38.608788,-109.550505
5,8334.336655,-0.97536,1376.94165,38.608801,-109.550615
5,8339.706983,-0.384397,1377.067261,38.608803,-109.550559

